Date,Open,High,Low,Close
6/1/10,50.83,56.38,49.33,51.76
6/2/10,51.52,52.35,47.28,47.98
6/3/10,50.18,50.53,46.2,46.2
6/4/10,48.85,51.17,47.25,49.14
6/7/10,49.69,53.52,48.81,50.95
6/8/10,50.4,54.94,50.2,50.34
6/9/10,50.07,59.5,48.64,52.35
6/10/10,52.69,57.55,51.73,51.85
6/11/10,53.48,53.64,49.27,49.3
6/14/10,51.04,51.73,48.65,50.16
6/15/10,50.53,50.53,45.9,46.52
6/16/10,47.05,47.19,42.99,43.48
6/17/10,43.53,43.81,40.52,41.29
6/18/10,41.06,41.06,37.5,37.97
6/21/10,38.16,39.5,36.16,38.98
6/22/10,41.49,41.68,38.76,41.47
6/23/10,42.6,43.21,40.1,40.14
6/24/10,40.94,43.59,40.22,41.39
6/25/10,41.14,42.45,37.9,39.43
6/28/10,41.64,43,40.49,41.18
6/29/10,42.39,46.94,42.16,45.58
6/30/10,46.29,47.07,44.43,46.5
7/1/10,47,49.86,45.05,47.66
7/2/10,46.89,47.57,44.16,44.46
7/6/10,44.83,44.99,42.4,43.8
7/7/10,43.54,43.94,40.45,40.63
7/8/10,40.96,42.63,38.77,39.09
7/9/10,40.04,40.34,37.88,38.46
7/12/10,39.13,40.33,36.75,37.84
7/13/10,36.92,37.14,34.45,35.92
7/14/10,38.05,39.51,37.7,38.25
7/15/10,38.2,44.42,35.76,40.85
7/16/10,37.64,41.81,34.84,36.98
7/19/10,38.57,42.4,33.55,36.91
7/20/10,33.94,36.64,30.41,30.44
7/21/10,30.72,32.17,28.28,30.52
7/22/10,29.62,32.54,29.54,31.53
7/23/10,34.38,34.61,29.96,30.02
7/26/10,31.94,33.4,29.42,29.42
7/27/10,28.59,31.98,28.42,30.18
7/28/10,29.95,31.22,29.54,31.07
7/29/10,30.12,30.71,28.79,30.12
7/30/10,31.35,32.97,29.59,30.87
8/2/10,31.27,32.62,30.58,30.97
8/3/10,31.24,31.87,29.3,29.72
8/4/10,29.93,30.83,28.67,29.4
8/5/10,29.88,30.12,28.55,28.65
8/6/10,29.56,31.56,28.3,29.14
8/9/10,30.15,31.37,29.6,29.69
8/10/10,30.19,31.68,29.04,29.73
8/11/10,31.92,33.82,31.5,33.01
8/12/10,33.69,33.69,32.53,32.93
8/13/10,32.42,33.15,31.94,32.76
8/16/10,33.03,34.43,31.71,32.59
8/17/10,31.47,32.79,31.36,31.69
8/18/10,33.06,34.3,32.37,32.57
8/19/10,32.97,34.34,32.37,32.91
8/20/10,32.67,32.81,29.87,29.97
8/23/10,31.07,31.83,29.64,31
8/24/10,32.67,34.92,32.43,33.3
8/25/10,34.89,35.12,32.65,32.86
8/26/10,33.41,34.52,33.14,34.52
8/27/10,35.33,37.92,34.7,34.91
8/30/10,36.98,37.61,36.19,37.58
8/31/10,37.36,39.16,36.81,37.28
9/1/10,35.22,37,33.98,34.45
9/2/10,34.3,35.25,33.78,33.86
9/3/10,32.58,32.58,30.84,31.84
9/7/10,34.06,35.06,33.7,34.35
9/8/10,33.23,35.01,32.42,34.29
9/9/10,32.53,33.05,32.02,32.4
9/10/10,32.26,32.38,30.37,30.92
9/13/10,31.49,31.49,28.83,28.94
9/14/10,30.11,30.62,29.34,29.93
9/15/10,31.25,31.25,27.97,29.07
9/16/10,29.77,33.46,28.75,28.82
9/17/10,29.55,29.78,28.72,29.33
9/20/10,30.56,31.17,29.39,30.01
9/21/10,29.95,30.49,28.36,30.09
9/22/10,30.78,32.13,30.75,31.56
9/23/10,32.99,32.99,31.52,32.59
9/24/10,32.23,32.54,30.81,31.15
9/27/10,31.79,32.6,31.24,32.21
9/28/10,31.46,33.92,31.21,31.79
9/29/10,32.28,33.65,31.48,31.66
9/30/10,31.33,32.99,29.38,31.82
10/1/10,31.54,32.32,30.59,30.87
10/4/10,31.89,33.34,31.67,31.98
10/5/10,31.77,34.12,31.35,31.65
10/6/10,31.49,31.71,31.02,31.19
10/7/10,30.9,31.46,30.64,30.91
10/8/10,30.99,31.19,30.06,30.2
10/11/10,29.26,30.05,29.11,29.22
10/12/10,29.44,30.65,29.07,29.2
10/13/10,29.19,29.67,27.78,29.17
10/14/10,29.82,33.38,28.63,31.21
10/15/10,30.51,32.31,29.71,30.16
10/18/10,31.5,33.97,31.09,33.75
10/19/10,28.89,29.78,27.24,28.97
10/20/10,28.47,29.05,26.28,26.65
10/21/10,27.54,28.15,26.47,27.42
10/22/10,27.4,27.91,26.57,26.6
10/25/10,27.24,28.16,26.92,27.45
10/26/10,27.61,27.77,27.2,27.23
10/27/10,27.44,28,26.78,27.3
10/28/10,27.68,28.11,26.71,26.74
10/29/10,27.75,28.71,27,27.22
11/1/10,28.07,31.39,27.44,28.89
11/2/10,28.93,28.96,28.17,28.41
11/3/10,28.58,29.34,27.68,27.69
11/4/10,27.37,27.51,26.35,27.44
11/5/10,27.41,27.58,25.99,26.26
11/8/10,27.26,27.75,26.89,27.16
11/9/10,27.13,28.7,26.75,28.61
11/10/10,28.45,29.76,28.31,28.8
11/11/10,29.4,29.69,28.85,29.12
11/12/10,29.84,31.24,29.68,31
11/15/10,31.05,31.81,29.45,29.69
11/16/10,29.9,32.51,29.72,31.98
11/17/10,32.66,32.96,30.44,30.69
11/18/10,30.28,30.28,28.13,28.72
11/19/10,28.93,29.25,27.73,27.99
11/22/10,29.99,36.29,29.99,33.52
11/23/10,34.75,35.33,33.31,35.17
11/24/10,34.89,34.89,33.16,33.16
11/26/10,33.88,35.03,33.72,34.89
11/29/10,37.29,37.29,35.93,36.06
11/30/10,37.19,38.72,36.73,38.34
12/1/10,36.81,36.93,33.08,34.9
12/2/10,34.83,34.83,32,32.1
12/3/10,32.99,33.07,31.26,31.39
12/6/10,33,33,31.07,31.21
12/7/10,29.83,31.77,28.6,30.1
12/8/10,30.02,30.32,29.37,29.92
12/9/10,29.48,30.39,29.3,29.66
12/10/10,29.59,29.71,28.51,28.56
12/13/10,29.31,29.31,27.47,28.82
12/14/10,28.64,28.98,27.77,27.98
12/15/10,28.45,28.92,27.42,28.27
12/16/10,28.41,29.51,27.64,28.1
12/17/10,28.43,28.74,26.87,27.04
12/20/10,28.4,28.47,26.16,27.55
12/21/10,27.31,27.31,26.63,27.2
12/22/10,27.07,27.65,26.86,27.4
12/23/10,27.35,28.37,27.35,27.97
12/27/10,29.32,29.42,28.36,28.4
12/28/10,28.41,28.71,28.01,28.17
12/29/10,28.1,28.45,27.51,28.04
12/30/10,28.18,28.8,28.18,28.27
12/31/10,28.36,28.72,28.36,28.64
1/3/11,28.65,29.16,28.26,29.16
1/4/11,28.95,29.3,28.53,28.71
1/5/11,28.84,29.12,28.01,28.33
1/6/11,28.03,29.18,28.03,29.18
1/7/11,28.68,30.4,28.6,29.29
1/10/11,30.08,30.88,30,30.57
1/11/11,29.97,30.37,29.09,30.15
1/12/11,29.77,29.81,28.92,29.22
1/13/11,28.9,29.13,28.47,28.89
1/14/11,29.01,29.03,26.12,26.16
1/18/11,26.68,27.8,26.65,27.68
1/19/11,26.27,29.08,24.79,28.93
1/20/11,28.75,28.78,26.01,26.01
1/21/11,25.96,26.11,24.91,25.5
1/24/11,25.92,25.97,24.25,24.25
1/25/11,25.17,26.91,24.9,26.48
1/26/11,26.23,26.4,25,25.63
1/27/11,25.45,25.53,24.14,24.15
1/28/11,24.17,26.16,24.11,26.1
1/31/11,26.24,26.24,25.21,25.33
2/1/11,25.14,25.14,24.19,24.26
2/2/11,24.35,24.59,23.71,23.92
2/3/11,24.03,24.83,24.03,24.06
2/4/11,23.57,24.27,23.57,23.74
2/7/11,24.48,24.51,23.08,23.7
2/8/11,23.75,24.8,23.75,24.18
2/9/11,24.8,25.98,24.8,25.47
2/10/11,25.65,25.84,24.81,25.41
2/11/11,25.41,25.57,24.12,24.22
2/14/11,24.69,25.05,24.11,24.21
2/15/11,24.35,24.77,24,24.16
2/16/11,24.11,24.12,23.34,23.8
2/17/11,23.87,24.52,23.87,24.47
2/18/11,24.44,24.52,23.29,23.59
2/22/11,25.35,29.58,25.3,29.47
2/23/11,29.6,31.8,29.21,30.23
2/24/11,30.51,30.72,29.05,29.13
2/25/11,28.2,28.58,25.62,25.64
2/28/11,26.06,27.27,25.51,26.96
3/1/11,26.93,29.63,26.62,29.42
3/2/11,29.6,29.75,27.76,28.07
3/3/11,27.26,28.81,26.21,26.45
3/4/11,27.46,29.61,27.35,29.16
3/7/11,29.86,31.9,29.66,30.81
3/8/11,30.59,30.73,28.42,28.5
3/9/11,28.2,28.86,27.7,28.37
3/10/11,29.2,30.34,29.2,29.99
3/11/11,29.83,29.91,28.38,28.5
3/14/11,29.64,30.07,29.3,29.41
3/15/11,31.83,31.94,30.21,30.49
3/16/11,30.65,35.4,30.49,34.8
3/17/11,33.5,33.59,30.7,31
3/18/11,30.51,30.52,26.95,28.08
3/21/11,27.96,28.68,27.21,28.58
3/22/11,28.29,28.68,26.84,27.31
3/23/11,27.79,28.48,26.93,27.1
3/24/11,26.95,27.3,26.39,26.56
3/25/11,26.59,27.85,26.58,27.07
3/28/11,27.75,27.78,26.6,26.79
3/29/11,26.63,26.9,25.42,25.54
3/30/11,25.45,26.6,24.58,24.76
3/31/11,25.21,25.32,24.73,24.84
4/1/11,24.52,24.64,23.59,24.44
4/4/11,25.15,25.76,25.13,25.68
4/5/11,25.69,25.99,24.77,24.77
4/6/11,24.55,24.98,24.35,24.92
4/7/11,25.14,25.5,24.85,25.29
4/8/11,24.91,25.6,24.8,25.53
4/11/11,25.77,25.92,24.65,25.03
4/12/11,25.45,26.91,25.26,26.01
4/13/11,25.17,25.84,23.87,24.79
4/14/11,25.33,27.95,25.33,27.95
4/15/11,27.34,27.53,26.39,26.52
4/18/11,27.78,29.22,27.41,27.97
4/19/11,22.4,26.12,22.4,23.71
4/20/11,23.19,23.37,21.7,23.03
4/21/11,22.72,22.91,22.35,22.74
4/25/11,24.19,24.45,23.12,23.12
4/26/11,23.56,23.58,22.1,22.28
4/27/11,22.28,23.13,22.22,22.65
4/28/11,22.82,24.07,22.75,23.94
4/29/11,24.02,24.03,22.11,22.13
5/2/11,22.7,23.51,22.09,23.51
5/3/11,23.6,23.99,22.94,23.7
5/4/11,23.59,23.94,23.33,23.69
5/5/11,24.08,24.62,23.95,24.36
5/6/11,23.86,24.47,23.25,24.38
5/9/11,25.24,25.74,24.52,24.58
5/10/11,24.45,24.69,23.34,23.47
5/11/11,23.72,24.74,23.66,24.58
5/12/11,25.11,29.65,25.11,28.55
5/13/11,28.76,32.47,28.34,28.94
5/16/11,30.71,30.78,28.04,30.54
5/17/11,30.25,31.28,28.47,28.51
5/18/11,28.47,28.47,25.42,25.51
5/19/11,25.46,27.72,25.23,27.07
5/20/11,27.46,32.69,26.26,32.57
5/23/11,33.59,33.73,30.03,30.15
5/24/11,30.27,30.38,29.18,29.2
5/25/11,29.36,29.37,28.15,28.26
5/26/11,28.06,28.38,26.94,27
5/27/11,26.32,26.77,25.74,26.02
5/31/11,25.67,26.61,25.56,26.4
6/1/11,26.31,29.83,26.31,29.8
6/2/11,29.68,34.86,28.64,31.51
6/3/11,32.35,35.38,30.3,30.62
6/6/11,31.05,32.77,31.05,32.42
6/7/11,31.96,32.74,31.41,32.72
6/8/11,32.56,32.94,31.96,32.56
6/9/11,32.42,32.54,30.65,31.31
6/10/11,31.63,32.67,30.91,31.01
6/13/11,31.13,31.13,29.5,29.51
6/14/11,29.11,29.72,28.66,28.93
6/15/11,29.56,31.37,29.09,30.78
6/16/11,30.84,33.16,30.36,31.31
6/17/11,29.82,30.92,28.95,30.73
6/20/11,32.19,33.16,32.11,32.62
6/21/11,32.19,32.56,30.34,30.64
6/22/11,30.31,30.58,28.68,30.11
6/23/11,31.17,32.83,31.08,31.5
6/24/11,30.91,32,30.55,31.94
6/27/11,33.32,33.79,32.92,33.03
6/28/11,32.49,33.76,32.28,32.96
6/29/11,32.07,32.07,29.58,29.65
6/30/11,29.08,29.65,27.89,28.16
7/1/11,28.16,29.08,25.87,26.27
7/5/11,27.62,28.78,27.62,28.57
7/6/11,28.84,29.83,28.81,29.55
7/7/11,29.02,29.02,28.42,28.52
7/8/11,29.55,29.55,28.09,28.13
7/11/11,30.07,31.91,29.68,31.85
7/12/11,32.44,32.56,31.43,32.22
7/13/11,33.01,33.01,30.5,31.63
7/14/11,30.01,32.23,29.8,31.94
7/15/11,31.36,32.1,31.04,31.19
7/18/11,31.67,33.58,31.43,31.71
7/19/11,29.88,29.88,27.73,27.96
7/20/11,27.61,28.07,26.55,27.66
7/21/11,26.86,29.14,25.6,26.14
7/22/11,25.9,26.11,25.41,25.96
7/25/11,27.64,28.02,27.2,27.34
7/26/11,27.7,27.82,26.96,27.34
7/27/11,27.1,30.93,27.1,30.8
7/28/11,30.35,31.34,29.21,31.29
7/29/11,31.92,34.06,31.89,32.7
8/1/11,31.22,33.95,31.22,33.01
8/2/11,34.02,34.02,31.65,33.78
8/3/11,33.74,33.74,32.02,32.22
8/4/11,32.48,41.59,32.34,41.59
8/5/11,41.19,53.42,39.66,45.42
8/8/11,49.94,75.14,49.3,70.79
8/9/11,68.51,71.64,57.83,57.83
8/10/11,59.81,78.48,59.75,78.36
8/11/11,79.96,79.96,71.2,73.21
8/12/11,71,72.66,68.18,70.34
8/15/11,71.73,71.86,55.08,55.57
8/16/11,57.06,57.51,51.97,53.91
8/17/11,53.54,53.54,48.28,48.7
8/18/11,53.44,63.86,52.96,61.22
8/19/11,62.27,62.92,58.3,62.15
8/22/11,58.89,83.15,58.23,82.54
8/23/11,77.14,87.25,69.93,72.54
8/24/11,72.09,72.09,62.19,62.27
8/25/11,54.01,65.84,51.84,64.13
8/26/11,65.79,70.89,55.88,58.58
8/29/11,57.64,57.93,48.98,50.42
8/30/11,50.14,52.08,49.56,50.28
8/31/11,49.3,50.65,47.07,48.37
9/1/11,49.72,54.62,49.18,52.99
9/2/11,63.69,63.69,57.07,62.84
9/6/11,72.12,72.16,65.91,66.13
9/7/11,64.4,64.58,54.19,55.16
9/8/11,56.25,57.54,53.83,57.54
9/9/11,58.37,63.82,57.42,62.28
9/12/11,67.08,68.18,64.65,65.13
9/13/11,64.2,66.17,56.25,56.78
9/14/11,56.83,58.14,52.48,54.41
9/15/11,53.25,53.62,49.41,50.26
9/16/11,49.43,51.51,48.12,48.12
9/19/11,52.28,54.8,51.56,51.97
9/20/11,52.07,53.44,49.71,53.32
9/21/11,52.71,59.24,52.61,59.09
9/22/11,61.63,70.89,61.51,67.76
9/23/11,68.23,68.32,64.86,66.21
9/26/11,65.75,67.87,60.95,61.18
9/27/11,58.8,61.03,55.45,59.95
9/28/11,59.61,64.95,58.32,64.91
9/29/11,61.99,64.74,60.04,60.76
9/30/11,62.68,75.82,62.64,75.82
10/3/11,77.63,88.86,77.33,87.47
10/4/11,90.4,97.87,79.72,80.3
10/5/11,81.68,83.89,73.9,76.29
10/6/11,76.46,79.67,71.47,71.47
10/7/11,72.3,76.54,71.73,74.88
10/10/11,73.97,74.11,70.17,70.87
10/11/11,73.06,73.56,68.47,70.69
10/12/11,69.17,70.57,63.94,65.96
10/13/11,68.12,71.01,64.88,65.35
10/14/11,64.65,67.68,63.27,64.21
10/17/11,68.26,68.26,63.17,63.86
10/18/11,57.35,58.46,48.42,51.81
10/19/11,52.83,53.64,49.61,52.53
10/20/11,52.05,55.7,51.33,53.32
10/21/11,52.52,52.92,50.89,51.04
10/24/11,51.78,51.89,46.95,47.44
10/25/11,48.41,51.64,48.39,51.44
10/26/11,50.39,51.34,46.91,47.76
10/27/11,43.89,46.79,42.24,45.93
10/28/11,47.6,47.6,43.12,43.49
10/31/11,46.91,48.95,46.1,48.95
11/1/11,55.15,58.45,53.79,58.45
11/2/11,56.4,56.64,54.57,56.25
11/3/11,54.76,75.65,53.99,54.3
11/4/11,55.3,58.68,55.04,55.88
11/7/11,57.34,57.34,53.7,54.12
11/8/11,53.2,53.43,49.93,50.33
11/9/11,54.6,62.42,53.21,61.91
11/10/11,58.91,63.49,57.94,60.95
11/11/11,58.13,60.03,54.64,54.64
11/14/11,57.75,58.92,54.43,54.95
11/15/11,56.24,57.63,52.65,53.53
11/16/11,54.67,56.96,51.33,56.49
11/17/11,56.34,63.87,56.3,62.75
11/18/11,61.83,61.98,58.68,59.39
11/21/11,63.07,67.29,60.5,61.61
11/22/11,61.64,63.31,59.91,61.81
11/23/11,62.59,66.37,62.51,66.1
11/25/11,66.14,72.98,54.03,54.06
11/28/11,61.44,63.12,59.91,61.59
11/29/11,61.91,62.54,59.58,61.14
11/30/11,57.46,57.62,54.25,54.26
12/1/11,55.49,55.69,53.14,53.58
12/2/11,52.46,53.16,49.41,52.8
12/5/11,52.61,54.84,52.13,53.87
12/6/11,54.64,54.64,52.43,53.53
12/7/11,54.42,56.41,53.36,53.93
12/8/11,54.94,57.21,54.58,56.99
12/9/11,55.9,55.9,52.58,53.16
12/12/11,55.2,57.29,51.23,51.85
12/13/11,51.22,52.74,49.43,51.3
12/14/11,51.89,53.26,50.7,52.04
12/15/11,50.46,50.83,47.99,49.6
12/16/11,48.99,48.99,46.15,47.87
12/19/11,48.52,51.47,47.65,51.11
12/20/11,49.24,49.36,46.64,47.19
12/21/11,46.88,47.47,43.99,44.75
12/22/11,44.87,44.99,43.33,43.62
12/23/11,43.73,44.01,42.43,42.6
12/27/11,44.86,45.23,44.07,44.52
12/28/11,44.57,45.55,44.26,45.29
12/29/11,45.2,45.26,44.12,44.18
12/30/11,44.75,45.23,43.91,44.13
1/3/12,44.67,44.78,42.88,44.32
1/4/12,44.84,44.84,42.7,42.76
1/5/12,43.56,43.95,42.47,42.82
1/6/12,43.16,43.62,42.16,42.49
1/9/12,43.86,44.04,41.57,42.59
1/10/12,41.57,42.78,40.51,42.74
1/11/12,43.35,43.38,42.22,43.06
1/12/12,42.55,45.16,42.17,42.75
1/13/12,44.18,45.32,42.59,42.61
1/17/12,45.12,46.42,43.16,44.88
1/18/12,41.12,41.55,35.55,35.9
1/19/12,35.35,38.64,34.79,35.3
1/20/12,36.19,36.62,34.89,35.25
1/23/12,36.52,36.71,34.7,35.22
1/24/12,36.14,36.45,34.84,35.05
1/25/12,36.36,36.45,34.18,34.24
1/26/12,34.16,35.19,33.37,34.33
1/27/12,34.53,34.68,33.5,34.32
1/30/12,35.74,36.81,35.51,35.92
1/31/12,35.97,36.55,35.29,36.29
2/1/12,35.42,36.39,34.12,36.39
2/2/12,36.21,36.93,35.21,35.61
2/3/12,34.53,34.61,33.47,33.83
2/6/12,35.24,35.41,34.57,34.63
2/7/12,34.59,35.43,34.59,35.39
2/8/12,34.92,35.93,34.82,35.67
2/9/12,35.26,37.04,35.16,35.63
2/10/12,36.52,42.48,35.75,36.5
2/13/12,35.92,36.25,35.11,35.21
2/14/12,35.41,36.49,35.24,35.38
2/15/12,35.8,37.05,34.32,36.45
2/16/12,37.07,37.55,35.42,35.48
2/17/12,35.01,35.38,33.56,33.62
2/21/12,35.38,35.38,33.33,34.17
2/22/12,34.24,34.56,33.63,34.03
2/23/12,33.93,35.05,32.73,32.89
2/24/12,32.96,32.98,30.88,31.95
2/27/12,33.85,34.46,33.65,33.85
2/28/12,33.8,34.48,32.72,33.56
2/29/12,34.05,34.4,32.78,34.23
3/1/12,33.75,35.62,32.08,35.33
3/2/12,35.2,35.59,34.88,35.47
3/5/12,36.67,37.39,36.43,37.1
3/6/12,38.69,39.92,36.95,37.2
3/7/12,36.67,36.86,35.52,35.59
3/8/12,35.32,36.24,34.67,35.15
3/9/12,34.75,36.79,34.38,36.49
3/12/12,37.15,37.47,35.12,35.44
3/13/12,34.75,34.75,32.37,32.77
3/14/12,32.07,33.5,31.44,33.36
3/15/12,32.76,36.79,31.87,31.9
3/16/12,31.93,32.67,31.36,31.44
3/19/12,32.7,34.05,31.94,33.9
3/20/12,34.31,35.13,33.66,34.52
3/21/12,34.26,35.34,34.21,34.86
3/22/12,34.97,36.24,34.79,35.82
3/23/12,35.68,35.73,34.23,34.27
3/26/12,35.46,35.46,33.99,34
3/27/12,33.67,34.27,33.49,33.88
3/28/12,33.81,34.9,33.58,33.9
3/29/12,34.18,35.67,33.99,34.78
3/30/12,34.95,34.97,33.48,33.56
4/2/12,35.09,38.44,33,33.04
4/3/12,33.35,34.72,33.28,34.11
4/4/12,34.71,35.41,33.8,33.83
4/5/12,34.03,34.82,33.59,34.25
4/9/12,36.09,36.17,34.63,34.85
4/10/12,35.1,38.6,34.48,38.6
4/11/12,37.21,37.21,35.46,35.98
4/12/12,35.77,35.77,34.32,35.24
4/13/12,34.77,37.82,34.77,37.82
4/16/12,38.07,39.13,37.05,37.49
4/17/12,35.11,36.61,32.79,32.8
4/18/12,33.36,33.59,31.79,32.4
4/19/12,32.81,34.31,32.48,33.97
4/20/12,34.12,34.23,31.85,32.63
4/23/12,35.04,35.24,33.44,33.62
4/24/12,33.63,33.68,31.71,31.71
4/25/12,31.19,31.94,30.64,31
4/26/12,31.17,31.26,29.32,29.44
4/27/12,29.2,30.12,29.2,29.66
4/30/12,30.15,30.8,29.14,29.16
5/1/12,29.15,29.43,27.99,28.8
5/2/12,28.63,30.58,28.63,29.4
5/3/12,29.13,30.58,28.8,30.52
5/4/12,30.58,33.19,30.54,32.81
5/7/12,33.5,34.06,32.48,33.05
5/8/12,33.4,36.01,33.11,33.71
5/9/12,34.7,37.26,34.57,35.23
5/10/12,34.49,35.08,33.4,35.07
5/11/12,37.73,39.22,35.48,37.38
5/14/12,39.4,41.76,39.16,41.15
5/15/12,40.48,41.29,38.85,41.14
5/16/12,40.53,45.85,38.73,45.68
5/17/12,45.97,53.55,45.44,50.42
5/18/12,50.05,53.13,49.27,52.8
5/21/12,55.61,55.61,48.95,48.95
5/22/12,48.67,48.83,45.37,48.37
5/23/12,48.11,51.31,47.1,47.75
5/24/12,47.41,49.79,47.38,48.45
5/25/12,48.43,48.47,47.04,47.71
5/29/12,49.22,50.22,46.13,46.15
5/30/12,47.55,49.09,47.24,47.7
5/31/12,47.54,49.87,45.73,46.63
6/1/12,48.98,50.71,48.98,50.03
6/4/12,51.46,53.05,51.06,51.4
6/5/12,51.55,51.57,47.21,47.39
6/6/12,46.81,46.85,43.27,43.55
6/7/12,42.36,44.88,42.36,43.38
6/8/12,43.96,44.13,42.06,42.08
6/11/12,42.99,45.86,42.88,45.7
6/12/12,45.59,45.75,42.64,42.85
6/13/12,43.77,46.29,42,46.04
6/14/12,46.34,46.45,44.22,44.77
6/15/12,45.06,45.24,41.67,41.73
6/18/12,43.1,43.16,39.29,39.95
6/19/12,36.89,39.38,36.63,38.3
6/20/12,37.74,39.28,36.51,37.23
6/21/12,37.3,38.37,36.79,38.31
6/22/12,37.1,37.62,36.45,36.6
6/25/12,39.6,40.67,39.35,39.73
6/26/12,39.4,39.98,38.83,39.21
6/27/12,39.23,39.25,36.82,37.34
6/28/12,39.24,39.41,37.38,37.68
6/29/12,34.17,36.83,34.09,35.61
7/2/12,36.87,42.12,35.34,35.34
7/3/12,35.47,42.83,33.32,42.83
7/5/12,34.24,35.68,34.09,35.32
7/6/12,36.27,37.17,35.99,36.07
7/9/12,37.53,38.1,37.05,37.25
7/10/12,36.91,37.01,36.41,36.68
7/11/12,36.79,37.06,35.83,36.06
7/12/12,36.78,36.86,36.11,36.47
7/13/12,35.63,36.26,34.04,34.46
7/16/12,35.08,36.13,34.66,34.81
7/17/12,30.58,34.63,30.42,31.78
7/18/12,32.1,32.26,30.54,30.74
7/19/12,30.89,31.17,30.17,30.6
7/20/12,31.04,32,31.04,31.92
7/23/12,33.98,35.84,33.53,33.59
7/24/12,33.22,34.65,32.56,34.05
7/25/12,33.99,35.61,33.47,33.82
7/26/12,33.13,33.13,31.66,31.9
7/27/12,31.85,31.85,29.25,29.77
7/30/12,30.75,33.03,30.69,32.71
7/31/12,33.3,34.23,32.97,34.23
8/1/12,34.27,35.31,33.37,34.36
8/2/12,35.93,36.35,34.06,34.69
8/3/12,33.14,33.37,30.71,30.98
8/6/12,32.4,32.69,30.82,31.09
8/7/12,30.7,30.7,28.26,29.23
8/8/12,30.05,30.11,29.3,29.52
8/9/12,29.86,30.44,29.07,29.31
8/10/12,29.75,30.18,27.86,28.09
8/13/12,27.34,27.34,25.97,26.18
8/14/12,25.74,26.43,24.3,25.92
8/15/12,25.94,26.21,25.09,26.14
8/16/12,26.17,26.53,25.18,25.82
8/17/12,26.04,26.32,24.13,24.13
8/20/12,26.25,27.46,24.59,26.12
8/21/12,27.36,27.57,25.77,25.77
8/22/12,26.34,27.43,25.84,26.41
8/23/12,27,28.39,26.16,28.27
8/24/12,29.09,29.6,27.21,27.45
8/27/12,29.09,30.14,28.09,28.23
8/28/12,29.09,30.32,28.32,30.24
8/29/12,30.51,30.51,29.85,30.13
8/30/12,29.99,31.24,29.62,30.12
8/31/12,31.26,31.36,30.3,30.51
9/4/12,32.84,33.21,31.7,33.08
9/5/12,33.17,33.17,31.99,32.35
9/6/12,32.34,32.34,28.92,30.69
9/7/12,30.8,30.8,29,29.95
9/10/12,31.32,31.71,30.7,31.02
9/11/12,31.25,31.63,30.36,31.05
9/12/12,30.9,31.74,29.71,29.86
9/13/12,30.39,31.15,28.94,29.01
9/14/12,28.76,32.9,28.66,29.37
9/17/12,29.46,30.29,29.07,29.67
9/18/12,28.98,29.86,28.53,29.2
9/19/12,29.43,29.81,27.75,29.01
9/20/12,29.5,30.49,28.99,30.01
9/21/12,29.91,30.29,29.53,29.94
9/24/12,30.87,31.02,29.41,29.8
9/25/12,29.76,31.02,29.63,30.89
9/26/12,31.72,32.73,31.65,32.1
9/27/12,32.11,37.48,30.66,30.93
9/28/12,31.27,32.01,31.05,31.51
10/1/12,31.44,31.64,30.32,31.2
10/2/12,31.28,31.3,30.45,30.57
10/3/12,30.69,31.44,30.47,30.75
10/4/12,30.72,32.13,30.03,30.74
10/5/12,30.45,30.68,29.86,29.9
10/8/12,31.47,31.47,30.58,30.67
10/9/12,30.97,31.45,30.44,31.36
10/10/12,31.52,31.69,30.42,30.68
10/11/12,30.69,30.91,30.12,30.85
10/12/12,30.97,31.22,29.98,30.72
10/15/12,30.77,31.35,29.28,29.54
10/16/12,27.79,27.79,26.2,26.92
10/17/12,27.12,27.47,26.29,26.99
10/18/12,28.19,28.26,26.96,27.01
10/19/12,27.53,28.6,27.09,28.56
10/22/12,29.65,29.66,27.75,27.8
10/23/12,29.44,30.67,29.08,30.32
10/24/12,30.12,30.12,29.23,29.79
10/25/12,29.07,30.6,28.68,30.21
10/26/12,30.51,30.69,29.91,30.33
10/31/12,30.46,31.11,29.67,30.6
11/1/12,30.68,30.69,28.97,29.48
11/2/12,29.65,30.42,29.26,30.21
11/5/12,31.66,31.77,30.96,31.17
11/6/12,31,31,30.1,30.51
11/7/12,31.59,34.02,30.72,33.81
11/8/12,33.32,35.16,33.03,35.16
11/9/12,35.75,35.98,33.3,34.22
11/12/12,33.94,33.96,31.62,31.83
11/13/12,32.79,32.82,30.34,31.55
11/14/12,31.27,33.78,30.81,33.69
11/15/12,33.64,33.84,30.32,33.46
11/16/12,33.4,34.39,31.8,31.82
11/19/12,32.13,32.13,29.52,29.61
11/20/12,29.93,29.99,29.09,29.46
11/21/12,29.42,29.85,28.33,28.74
11/23/12,29.11,29.12,28.26,28.43
11/26/12,30.42,30.42,29.43,29.55
11/27/12,30.1,30.1,29,29.72
11/28/12,30.3,30.6,28.97,28.99
11/29/12,28.9,29.08,28.25,28.64
11/30/12,29.05,29.39,28.39,29.02
12/3/12,31.8,33.32,27.78,29.49
12/4/12,29.99,30.94,29.79,30.64
12/5/12,30.47,31.19,29.58,29.92
12/6/12,30.36,30.51,29.79,29.85
12/7/12,29.58,30.34,29.5,30
12/10/12,31.04,31.09,30.02,30.09
12/11/12,30.18,30.18,28.56,29.78
12/12/12,29.57,29.98,28.21,29.39
12/13/12,29.63,29.63,28.28,29.48
12/14/12,29.96,30.48,28.6,29.38
12/17/12,30.2,30.33,28.83,29.84
12/18/12,30.55,31.28,28.42,30.67
12/19/12,30.61,33.05,30.43,32.96
12/20/12,33.1,33.36,31.83,32.3
12/21/12,33.37,36.77,33.24,34.92
12/24/12,36.28,36.29,34.53,34.92
12/26/12,34.76,34.79,34.12,34.65
12/27/12,34.5,37.1,34.23,36.27
12/28/12,36.62,38.36,36.56,38.33
12/31/12,39.2,43.52,36.99,37.15
1/2/13,35.15,35.72,31.29,31.49
1/3/13,31.44,31.75,29.97,30.05
1/4/13,30.09,30.43,28.13,28.76
1/7/13,29.48,29.6,28.89,29.04
1/8/13,29.16,29.33,28.4,28.65
1/9/13,28.34,28.39,27.49,27.68
1/10/13,27.01,27.17,26.27,27.08
1/11/13,27.31,27.35,26.26,26.42
1/14/13,26.69,26.91,26.43,26.78
1/15/13,26.88,27.28,25.76,26.89
1/16/13,23.91,24.22,22.43,23.94
1/17/13,23.82,24.48,23.26,23.68
1/18/13,23.39,24.11,23.15,23.58
1/22/13,24.84,24.9,23.01,23.38
1/23/13,23.47,23.55,22.6,22.91
1/24/13,23.21,23.21,22.48,22.96
1/25/13,22.94,23.17,22.49,22.84
1/28/13,23.51,24.03,23.11,23.94
1/29/13,23.99,23.99,23.4,23.51
1/30/13,23.82,24.1,23.58,23.71
1/31/13,23.76,24.78,23.54,24.62
2/1/13,24.17,24.56,23.75,24.29
2/4/13,25.38,26.13,25.17,26.09
2/5/13,25.43,25.45,24.64,24.9
2/6/13,25,25.99,24.78,25.42
2/7/13,25.48,25.97,24.89,24.99
2/8/13,24.75,25.01,24.3,24.42
2/11/13,25.18,25.3,24.44,25.09
2/12/13,25.01,25.36,24.18,24.71
2/13/13,24.65,24.99,23.79,23.8
2/14/13,23.23,24.61,23.19,24.46
2/15/13,24.59,25.2,24.02,24.09
2/19/13,25.17,25.18,24.26,24.62
2/20/13,24.77,26.32,24.77,26.32
2/21/13,26.79,28.66,26.72,28.23
2/22/13,27.67,28.01,26.93,27.53
2/25/13,27.86,31.8,27.68,31.6
2/26/13,31.3,32.35,30.87,31.45
2/27/13,31.45,31.46,29.16,29.25
2/28/13,29.53,30.65,28.69,30.65
3/1/13,30.84,31.48,29.52,29.67
3/4/13,31.14,31.23,29.82,29.99
3/5/13,29.44,29.6,27.82,27.93
3/6/13,27.66,28.17,26.97,27.52
3/7/13,27.41,27.51,26.79,27.19
3/8/13,27.36,28.49,26.08,26.39
3/11/13,26.78,27.1,25.06,25.38
3/12/13,25.33,26.28,24.76,25.45
3/13/13,25.26,26.05,23.65,23.66
3/14/13,22.99,25.01,22.71,24.7
3/15/13,25.14,25.14,22.95,22.95
3/18/13,25.73,26.03,24.26,25.08
3/19/13,24.84,27.98,24.35,26.82
3/20/13,26.17,26.68,25.19,25.91
3/21/13,26.12,28.49,25.58,28.49
3/22/13,27.81,28.55,27.69,28.49
3/25/13,28.24,29.45,27.69,28.39
3/26/13,28.03,28.55,27.41,27.62
3/27/13,27.93,28.31,26.79,26.98
3/28/13,26.73,27.44,26.46,26.64
4/1/13,27.99,28.64,27.37,27.48
4/2/13,27.69,27.78,26.46,26.79
4/3/13,26.88,28.39,26.88,28.07
4/4/13,28.05,29.16,27.84,29.04
4/5/13,29.87,29.88,28.8,28.9
4/8/13,29.58,30.24,29.13,29.28
4/9/13,28.99,29.18,28.23,28.47
4/10/13,28,28.15,27.13,27.19
4/11/13,27.08,27.74,26.85,27.71
4/12/13,27.6,27.86,26.95,27.76
4/15/13,28.51,30.76,28.4,30.11
4/16/13,27.59,28.93,26.35,26.51
4/17/13,26.7,29.95,26.58,28.45
4/18/13,28.73,31.23,28.65,28.87
4/19/13,28.25,28.58,26.47,26.56
4/22/13,27.14,27.3,25.24,25.36
4/23/13,24.98,28.37,24.03,24.68
4/24/13,24.78,24.86,24.35,24.55
4/25/13,24.55,24.55,21.94,23.83
4/26/13,23.75,25.17,23.53,24.51
4/29/13,24.66,25.87,24.61,24.87
4/30/13,25.1,27.41,23.96,24.76
5/1/13,25.19,26.55,24.22,25.83
5/2/13,25.61,29.34,24.43,24.43
5/3/13,22.64,26.54,22.55,25.68
5/6/13,26.36,26.36,25.81,25.87
5/7/13,25.67,25.84,24.79,24.95
5/8/13,25.03,25.03,24.05,24.25
5/9/13,24.28,24.55,23.81,24.08
5/10/13,24.05,24.56,24.02,24.02
5/13/13,24.85,28.8,22.21,23.1
5/14/13,22.77,23.44,21.9,22.28
5/15/13,22.42,24.12,22.42,23.58
5/16/13,22.92,24.66,22.69,23.8
5/17/13,23.62,24.35,23.23,23.87
5/20/13,24.97,25,23.59,24.77
5/21/13,24.77,25.01,23.64,23.75
5/22/13,24.16,25.19,23.54,24.26
5/23/13,24.29,28.18,24.27,26.31
5/24/13,26.55,27.48,26.5,26.67
5/28/13,27.36,27.55,26.88,27.33
5/29/13,27.82,28.97,27.54,27.61
5/30/13,27.6,28.53,27.47,27.84
5/31/13,27.95,28.58,27.65,28.45
6/3/13,29.17,30.26,28.97,29.29
6/4/13,29.47,29.87,28.75,29.81
6/5/13,30.07,30.54,29.77,30.01
6/6/13,30.26,30.84,29.21,29.21
6/7/13,28.68,29.32,28.07,28.12
6/10/13,28.83,29.46,28.76,29.01
6/11/13,29.68,30.28,29.41,30.12
6/12/13,30.24,31.33,30.2,30.94
6/13/13,30.39,31.26,29.8,29.83
6/14/13,30.06,30.95,29.74,30.04
6/17/13,29.17,30.94,29.1,29.64
6/18/13,29.9,30.06,29.18,29.23
6/19/13,29.22,29.68,27.05,29.1
6/20/13,29.68,33.73,29.68,33.64
6/21/13,33.05,33.95,32.57,33.04
6/24/13,34.13,36.11,33.05,33.89
6/25/13,33.14,33.14,31.35,31.66
6/26/13,30.81,31.93,30.81,31.5
6/27/13,30.8,31.03,30.37,30.84
6/28/13,31.46,32.52,30.95,31.26
7/1/13,31.64,32.64,30.57,31.2
7/2/13,31.39,31.74,30.11,30.86
7/3/13,31.28,31.33,30.54,30.68
7/5/13,30.12,30.13,29.16,29.16
7/8/13,29.8,29.97,29.17,29.58
7/9/13,28.95,29.68,28.17,28.32
7/10/13,28.43,29.14,28.38,28.46
7/11/13,27.49,28.44,27.27,27.59
7/12/13,26.88,27.14,25.76,25.83
7/15/13,25.06,25.97,25,25.46
7/16/13,23.21,25.04,23.13,23.95
7/17/13,23.98,24.03,22.49,22.58
7/18/13,22.41,22.48,21.37,22.09
7/19/13,21.85,22.8,21.8,21.92
7/22/13,22.51,22.96,21.4,21.4
7/23/13,21.52,21.9,21.09,21.63
7/24/13,20.97,22.67,20.97,22.3
7/25/13,22.13,22.82,21.89,22.53
7/26/13,22.8,23.29,22.32,22.32
7/29/13,22.93,24.4,22.93,23.63
7/30/13,23.48,24.29,23.35,24.17
7/31/13,24.07,24.17,23.34,24.13
8/1/13,23.52,23.94,23.26,23.78
8/2/13,23.57,23.73,23.02,23.26
8/5/13,23.96,24.14,22.91,23.11
8/6/13,23.34,23.92,23.24,23.85
8/7/13,24.11,25.37,24.09,24.49
8/8/13,23.97,24.65,23.77,24.22
8/9/13,24.16,24.65,23.9,24.6
8/12/13,23.76,24.41,23.01,23.83
8/13/13,23.05,24.65,22.21,23.01
8/14/13,22.2,23.4,22.13,23.05
8/15/13,23.68,24.39,22.11,23.74
8/16/13,23.75,24.09,23.06,23.78
8/19/13,25.07,25.19,24.55,25.05
8/20/13,25.35,27.74,24.12,25.83
8/21/13,26.08,26.71,25.57,26.43
8/22/13,26.59,26.59,25.66,25.77
8/23/13,25.71,26.68,25.45,25.62
8/26/13,26.53,27.63,26.26,27.51
8/27/13,28.1,29.88,28.1,29.83
8/28/13,30.9,31.04,28.78,29.31
8/29/13,29.26,29.52,28.58,28.87
8/30/13,28.67,30.1,28.6,29.54
9/3/13,29.9,30.17,29.06,29.52
9/4/13,29.49,30.05,28.78,29.15
9/5/13,28.94,29.96,28.03,28.44
9/6/13,28,29.5,27.97,28.36
9/9/13,28.98,29.23,27.98,28.07
9/10/13,25.54,27.1,25.48,26.11
9/11/13,26.03,26.54,25.52,25.52
9/12/13,25.89,26.34,25.64,25.98
9/13/13,25.99,26.91,25.31,25.91
9/16/13,25.44,27.02,25.44,26.36
9/17/13,25.67,27.04,25.67,25.9
9/18/13,26.58,27.8,25.33,25.57
9/19/13,25.28,25.53,24.72,24.9
9/20/13,25.01,25.01,24.39,24.59
9/23/13,25.01,26.12,25.01,25.79
9/24/13,25.81,26.47,25.43,26.29
9/25/13,26.65,27.32,26.44,26.46
9/26/13,26.27,26.55,25.93,26.3
9/27/13,26.84,27.42,26.27,27.25
9/30/13,29.01,30,28.05,28.13
10/1/13,28.27,28.8,27.7,28.71
10/2/13,28.68,32.64,28.61,28.9
10/3/13,29.21,30.85,29.06,30.13
10/4/13,29.91,30.07,29.4,29.58
10/7/13,30.83,31.22,30.59,31.22
10/8/13,31.52,32.95,31.11,32.38
10/9/13,32.44,33,31.81,32.33
10/10/13,30.98,31.51,30.02,30.41
10/11/13,29.67,30.71,27.81,27.81
10/14/13,29.03,29.96,28.7,28.84
10/15/13,28.34,29.16,28.01,28.88
10/16/13,28.63,28.63,25.82,26.07
10/17/13,26.35,27.67,22.96,23.5
10/18/13,22.84,24.05,22.81,23.27
10/21/13,23.36,23.69,22.51,22.56
10/22/13,21.88,22.91,21.88,22.02
10/23/13,22.31,22.79,21.57,21.57
10/24/13,20.8,21.91,20.75,21.13
10/25/13,21.05,21.5,20.62,21.11
10/28/13,21.75,22.21,21.67,21.86
10/29/13,21.81,24.67,21.43,21.58
10/30/13,21.48,22.17,20.97,21.19
10/31/13,21.02,21.37,20.61,21.05
11/1/13,21.03,22.97,20.32,20.35
11/4/13,20.86,20.99,20.37,20.49
11/5/13,20.67,21.22,20.53,20.87
11/6/13,20.67,20.76,20.18,20.66
11/7/13,20.49,23.22,20.25,21.43
11/8/13,21.29,21.72,20.33,20.57
11/11/13,19.9,20.57,19.04,19.57
11/12/13,19.52,20.55,19.41,20.11
11/13/13,20.59,20.88,19.71,20.2
11/14/13,19.55,20.19,19.15,19.38
11/15/13,18.97,19.38,17.01,18.42
11/18/13,19.95,20.14,18.91,19.28
11/19/13,19.21,19.84,18.84,19.76
11/20/13,19.87,20.63,18.46,19.85
11/21/13,20.06,20.57,19.65,19.82
11/22/13,19.8,20.52,19.72,19.87
11/25/13,20.44,20.82,20.18,20.68
11/26/13,20.85,21.58,20,21.58
11/27/13,20.7,23.44,20.7,21.24
11/29/13,21.82,21.84,21.02,21.37
12/2/13,22.15,24.39,21.97,22.73
12/3/13,22.96,24.17,22.48,23.71
12/4/13,23.53,24.85,23.07,24.02
12/5/13,24.28,25.49,24.28,25.16
12/6/13,24.5,26.3,23.82,23.86
12/9/13,24.09,25.5,23.67,24.02
12/10/13,24.11,24.9,23.07,24.2
12/11/13,23.58,25.53,23.46,25.43
12/12/13,25.17,26.06,20.6,25.4
12/13/13,24.66,25.89,23.88,24.07
12/16/13,25.05,25.66,24.56,24.93
12/17/13,23.68,25.92,23.63,25.08
12/18/13,25.59,26.96,23.72,23.84
12/19/13,24.1,24.68,23.54,23.9
12/20/13,23.5,23.86,22.97,23.19
12/23/13,23.5,23.53,21.84,22.96
12/24/13,22.76,22.99,22.29,22.4
12/26/13,23.02,23.02,21.79,21.79
12/27/13,21.89,22.17,21.5,21.51
12/30/13,22.5,22.68,21.97,22.08
12/31/13,20.83,22.71,20.83,22.63
1/2/14,22.1,23.18,21.54,22.98
1/3/14,22.44,22.75,21.83,21.86
1/6/14,22.25,22.84,21.81,22.43
1/7/14,21.94,22.09,21.52,21.55
1/8/14,21.66,21.93,21.24,21.24
1/9/14,20.52,21.77,20.52,21.66
1/10/14,21.39,22.27,20.94,21.07
1/13/14,20.73,21.34,20.57,21.24
1/14/14,21.1,21.21,20.07,20.17
1/15/14,20.23,21,19.95,20.74
1/16/14,18.7,21.02,17.88,18.9
1/17/14,19.32,19.44,17.31,17.75
1/21/14,18.83,20.42,18.67,19.54
1/22/14,19.18,19.98,19.05,19.23
1/23/14,18.03,21.78,18.03,21.47
1/24/14,21.96,23.34,21.66,23.04
1/27/14,24.04,26.14,23.66,26.11
1/28/14,26.23,26.54,24.67,24.81
1/29/14,26.14,26.35,25.19,25.75
1/30/14,25.59,25.61,24.27,24.32
1/31/14,25.36,25.76,24.76,25.53
2/3/14,25.89,29.34,25.67,29.34
2/4/14,28.1,28.75,27.09,27.13
2/5/14,26.57,28.02,26.57,27.5
2/6/14,26.39,27.77,26.39,26.69
2/7/14,25.79,26.65,25.62,26.07
2/10/14,26.58,27.3,26.24,26.28
2/11/14,26.41,26.41,23.08,23.11
2/12/14,23.08,23.2,22.46,22.96
2/13/14,23.21,23.38,22.88,22.98
2/14/14,22.76,23.36,22.1,22.19
2/18/14,23.24,23.44,22.07,22.22
2/19/14,22.33,22.65,21.24,22.43
2/20/14,22.62,22.7,21.72,21.78
2/21/14,22.01,22.07,20.97,20.99
2/24/14,21.7,21.76,20.82,21.13
2/25/14,21.22,22.41,21.17,22.1
2/26/14,21.88,23.87,21.7,21.95
2/27/14,21.97,22.31,20.79,20.93
2/28/14,21,21.13,20.36,20.76
3/3/14,22.56,23.84,22.19,22.46
3/4/14,21.46,21.75,20.67,20.8
3/5/14,20.8,20.88,20.04,20.88
3/6/14,20.58,20.88,20.45,20.82
3/7/14,20.45,21.2,20.45,20.95
3/10/14,21.64,22.23,21.61,21.85
3/11/14,21.84,22.69,21.81,22.69
3/12/14,23.05,23.29,22.48,22.6
3/13/14,22.41,24.07,22.31,23.91
3/14/14,23.92,25.48,23.55,25.41
3/17/14,25.28,25.48,24.06,24.26
3/18/14,23.08,24.19,23.08,23.63
3/19/14,23.62,24.1,22.87,23.8
3/20/14,23.85,24.67,22.87,23.01
3/21/14,22.72,23.6,22.64,22.99
3/24/14,23.12,23.75,23.05,23.59
3/25/14,22.47,24.58,22.47,24.23
3/26/14,23.69,24.56,23.69,24.38
3/27/14,23.82,24.46,23.82,24.14
3/28/14,24.12,24.57,23.24,23.45
3/31/14,22.77,23.72,22.65,22.65
4/1/14,22.56,23.26,21.24,21.86
4/2/14,21.96,22.14,21.51,21.64
4/3/14,21.48,23.74,21.25,21.64
4/4/14,21.43,22.45,21.34,22.34
4/7/14,22.57,25.17,22.48,24.84
4/8/14,25.09,26.28,24.88,25.4
4/9/14,25.37,25.58,24.82,24.86
4/10/14,24.94,25.38,24.23,25.2
4/11/14,25.58,27.22,25.4,26.81
4/14/14,26.13,26.87,25.46,25.76
4/15/14,25.85,26.25,24.87,25.89
4/16/14,25.62,25.81,23.77,23.96
4/17/14,23.47,23.47,20.43,20.45
4/21/14,21.02,21.34,20.33,20.65
4/22/14,20.98,21.73,19.27,19.32
4/23/14,19.37,20.08,19.06,19.19
4/24/14,19.12,19.31,18.93,19.08
4/25/14,19.25,19.87,18.89,19.78
4/28/14,19.91,21.77,19.91,21.11
4/29/14,21.8,23.73,20.05,20.07
4/30/14,19.91,20.39,19.22,19.47
5/1/14,19.12,19.61,18.8,18.82
5/2/14,18.46,19.01,18.35,18.64
5/5/14,19.7,20.78,19.54,19.56
5/6/14,19.61,20.26,19.57,20.09
5/7/14,19.63,20.47,19.56,19.98
5/8/14,19.65,20.05,19.16,19.45
5/9/14,19.22,19.66,19.1,19.18
5/12/14,18.72,18.88,17.1,17.38
5/13/14,17.27,17.76,16.75,17.18
5/14/14,17.22,17.64,16.8,17.24
5/15/14,17.97,18.78,16.83,18.48
5/16/14,18.75,19.16,17.8,17.88
5/19/14,18.76,18.76,17.24,17.75
5/20/14,17.98,18.71,17.91,18.47
5/21/14,17.98,18.23,17.34,17.61
5/22/14,17.09,17.89,17.09,17.5
5/23/14,17.49,17.66,16.93,16.93
5/27/14,17.7,17.95,17.51,17.6
5/28/14,17.71,18.21,17.53,17.58
5/29/14,17.57,17.98,17.49,17.6
5/30/14,18.02,18.61,17.03,18.04
6/2/14,18.77,19.23,18.68,18.74
6/3/14,18.96,19.57,18.25,18.33
6/4/14,18.56,21.17,18.13,18.16
6/5/14,18.38,18.55,18.03,18.16
6/6/14,18.04,18.43,17.74,17.88
6/9/14,18.59,18.96,18.34,18.34
6/10/14,18.59,18.92,18.5,18.65
6/11/14,18.78,19.08,18.72,18.81
6/12/14,18.51,18.97,18.48,18.91
6/13/14,18.64,19.61,18.45,18.77
6/16/14,19.2,19.37,18.86,19.12
6/17/14,19.19,19.51,18.81,19.02
6/18/14,19.34,19.74,18.77,18.78
6/19/14,19.04,19.17,18.28,18.33
6/20/14,17.84,18.9,17.84,18.46
6/23/14,18.47,18.8,18.05,18.21
6/24/14,18.43,18.64,17.94,18.61
6/25/14,17.92,19.09,17.92,18.5
6/26/14,18,19.03,17.92,18.64
6/27/14,18.73,21.36,18.06,18.15
6/30/14,18.76,19.08,18.41,18.83
7/1/14,19.15,19.56,17.98,19.27
7/2/14,19.09,19.78,19,19.24
7/3/14,18.89,19.04,18.37,18.49
7/7/14,19.33,19.87,18.95,19.29
7/8/14,19.45,21.25,19.45,20.9
7/9/14,20.58,22.29,20.39,20.67
7/10/14,21.59,21.99,21.42,21.57
7/11/14,21.26,21.65,21.01,21.22
7/14/14,20.81,21.05,20.12,20.2
7/15/14,18.36,18.38,17.15,17.22
7/16/14,17.24,18.27,16.15,16.19
7/17/14,16.67,17.68,16.13,17.63
7/18/14,17.44,17.56,16.67,16.67
7/21/14,17.09,17.47,16.94,17.24
7/22/14,16.97,17.15,16.06,17.01
7/23/14,16.53,16.89,16.46,16.86
7/24/14,16.91,17.1,15.89,17.01
7/25/14,17.23,17.32,17.07,17.18
7/28/14,17.99,18.1,17.8,17.89
7/29/14,17.94,18.04,17.72,17.75
7/30/14,17.13,20.1,16.59,17.87
7/31/14,18.24,20.98,18.02,19.86
8/1/14,20.05,22.04,19.77,21.68
8/4/14,21.95,22.07,21.22,21.23
8/5/14,21.49,24.36,21.31,22.41
8/6/14,22.83,22.93,21.86,22.12
8/7/14,21.8,22.35,21.78,22.31
8/8/14,22.31,22.58,21.54,21.62
8/11/14,20.86,21.02,20.31,20.4
8/12/14,20.63,20.84,19.76,19.9
8/13/14,19.97,20.14,18.75,18.77
8/14/14,18.93,19.05,17.84,17.84
8/15/14,18.16,18.97,17.26,18.63
8/18/14,17.12,18.58,16.91,16.99
8/19/14,16.95,17.16,16.75,16.95
8/20/14,17.37,22.53,16.65,17.65
8/21/14,17.5,20.99,17.17,17.65
8/22/14,17.74,18.93,17.65,17.65
8/25/14,18.24,20.46,17.86,17.92
8/26/14,18.18,20.7,18.16,18.27
8/27/14,18.32,18.49,18.2,18.26
8/28/14,18.68,19.09,18.08,18.08
8/29/14,18.2,18.89,17.61,17.77
9/2/14,18.58,19.05,18.27,18.87
9/3/14,18.63,21.12,18.52,18.7
9/4/14,18.82,19.59,17.39,18.8
9/5/14,18.76,19.05,18.75,18.76
9/8/14,19.5,19.83,19.3,19.62
9/9/14,20.3,20.89,20.29,20.41
9/10/14,20.35,20.57,20.18,20.25
9/11/14,20.72,20.8,20.22,20.23
9/12/14,20.38,20.71,20.17,20.52
9/15/14,21.24,21.63,21.11,21.11
9/16/14,21.34,21.65,20.91,20.91
9/17/14,21.01,21.38,20.3,20.96
9/18/14,20.62,21.02,19.1,19.48
9/19/14,19.56,19.99,19.48,19.69
9/22/14,20.34,20.46,19.72,19.94
9/23/14,19.99,20.38,19.89,20.17
9/24/14,20.16,20.34,19.63,19.68
9/25/14,19.8,22.26,19.77,22.03
9/26/14,22.07,22.94,22.01,22.53
9/29/14,23.43,24.9,23.43,23.61
9/30/14,23.19,23.63,22.88,23.33
10/1/14,23.51,24.72,23.47,24.5
10/2/14,24.57,24.93,24.04,24.1
10/3/14,21.66,23.25,21.37,22.53
10/6/14,22.85,23.06,22.77,22.9
10/7/14,23.12,25.04,23.12,25.04
10/8/14,25.54,25.95,24.71,24.71
10/9/14,25,28.56,24.8,28.35
10/10/14,28.52,30,28.29,29.33
10/13/14,30.23,34.19,29.7,31.89
10/14/14,30.84,31.57,30.31,31.37
10/15/14,31.95,40.93,31.73,34.21
10/16/14,34.62,38,32.74,32.91
10/17/14,29.57,30.5,27.81,28.25
10/20/14,28.87,28.87,26.98,26.99
10/21/14,24.99,26.38,24.82,24.86
10/22/14,24.01,24.73,23.77,24.67
10/23/14,23.79,24.41,23.16,23.48
10/24/14,22.7,23.54,21.95,21.99
10/27/14,22.85,23.06,22.36,22.37
10/28/14,21.78,21.84,21.17,21.27
10/29/14,21,21.52,20.33,20.71
10/30/14,20.58,21.27,19.45,20.72
10/31/14,20.02,20.31,19.42,20.03
11/3/14,19.64,20.7,19.64,20.35
11/4/14,20.34,20.77,20.3,20.51
11/5/14,18.76,20.65,18.76,20.57
11/6/14,20.08,20.69,19.87,19.89
11/7/14,20.02,21.07,19.3,19.5
11/10/14,19.7,19.95,18.99,18.99
11/11/14,19.09,19.72,18.73,18.81
11/12/14,19.02,19.2,18.9,18.91
11/13/14,18.53,19.42,18.51,18.77
11/14/14,18.49,18.98,18.34,18.34
11/17/14,18.68,19.53,18.68,19.09
11/18/14,19.23,19.27,18.87,19.02
11/19/14,18.77,19.56,18.77,18.99
11/20/14,19.37,20.03,17.99,17.99
11/21/14,17.36,18.4,17.36,17.95
11/24/14,18.01,18.73,17.96,18.1
11/25/14,18.1,21.92,17.8,18.32
11/26/14,18.39,18.92,18.22,18.33
11/28/14,18.85,19.09,18.8,18.9
12/1/14,19.87,20.93,19.87,20.76
12/2/14,20.44,20.92,20.37,20.7
12/3/14,20.93,21.6,20.04,20.56
12/4/14,20.66,20.9,20.35,20.41
12/5/14,19.77,20.27,19.37,20.25
12/8/14,20.92,21.89,20.84,21.82
12/9/14,22.01,22.86,21.62,22.14
12/10/14,22.6,27.88,22.27,24.5
12/11/14,24.8,26.33,24.01,24.64
12/12/14,26.61,29.76,25.04,28.12
12/15/14,27.77,29.96,26.66,29.01
12/16/14,29.14,32.53,29.14,30.2
12/17/14,29.87,33.26,28.85,29.5
12/18/14,28.02,28.63,23.23,26.25
12/19/14,25.46,26.56,25.1,25.97
12/22/14,25.32,27.03,25.07,25.45
12/23/14,24.5,26.85,24.17,24.22
12/24/14,23.95,24.12,23.9,23.99
12/26/14,23.82,24.32,23.72,23.88
12/29/14,24.78,25.06,24.36,24.39
12/30/14,24.75,24.8,24.28,24.38
12/31/14,23.9,28.04,23.62,28.04
1/2/15,25.24,25.41,24.84,24.88
1/5/15,26.21,28.31,26.14,27.56
1/6/15,27.72,30.41,27.59,28.24
1/7/15,27.65,29.51,27.06,27.4
1/8/15,26.76,26.76,25.98,26.15
1/9/15,25.22,26.63,25.22,26.53
1/12/15,27.8,27.8,26.59,26.99
1/13/15,26.71,27.88,25.61,26.68
1/14/15,28.53,30.96,28.05,28.08
1/15/15,27.46,29.83,27.46,28.67
1/16/15,26.61,29.57,26.61,27.19
1/20/15,27.19,27.22,26.04,27.01
1/21/15,26.38,28.08,24.69,25.31
1/22/15,24.53,25.99,22.7,22.75
1/23/15,23.34,23.45,21.78,21.97
1/26/15,24.17,24.27,22.67,22.79
1/27/15,25.76,25.76,23.81,24.04
1/28/15,23.01,26.59,23.01,25.72
1/29/15,25.6,29.39,25.37,25.46
1/30/15,26.48,27.63,25.39,26.39
2/2/15,26.7,27.35,25.96,26.04
2/3/15,25.11,25.14,23.65,23.72
2/4/15,24.25,24.66,23.75,24.62
2/5/15,24.26,24.59,23.73,23.81
2/6/15,23.09,23.71,22.45,23.29
2/9/15,24.66,26.16,23.86,23.96
2/10/15,23.11,24.11,22.5,23.02
2/11/15,23.16,23.19,22.18,22.46
2/12/15,22.03,22.39,21.42,22.1
2/13/15,22.17,22.2,21.26,21.88
2/17/15,22.4,22.97,20.83,21.62
2/18/15,21.8,23.12,21.29,21.59
2/19/15,21.68,22.19,20.35,21.13
2/20/15,21.29,22.49,19.83,20.37
2/23/15,21.25,21.31,20.51,20.58
2/24/15,20.94,20.98,19.81,20.06
2/25/15,20.41,20.49,18.98,19.77
2/26/15,19.59,20.15,19.59,19.91
2/27/15,20.15,20.99,18.92,19.9
3/2/15,21.34,22.51,20.01,20.04
3/3/15,20.53,20.92,19.55,20.63
3/4/15,21.29,23.27,20.74,21.34
3/5/15,20.64,22.45,20.55,21.67
3/6/15,22.32,25.59,20.97,23.08
3/9/15,23.45,24.36,22.94,23.03
3/10/15,24.75,25.16,24.22,24.92
3/11/15,24.12,26.93,24.12,25.09
3/12/15,24.28,24.32,21.96,22.02
3/13/15,22.76,28.44,21.79,22.7
3/16/15,22.86,23.21,22.02,22.32
3/17/15,22.47,23.3,22.15,22.42
3/18/15,22.86,23.24,20.08,21.15
3/19/15,20.77,22.45,20.28,21.9
3/20/15,21.5,22.02,20.54,20.6
3/23/15,21.63,22.97,20.23,20.88
3/24/15,21.1,21.32,20.44,20.83
3/25/15,20.71,22.64,20.71,22.62
3/26/15,23.04,24.1,22.88,23.18
3/27/15,23.42,24.82,22.47,22.96
3/30/15,23.4,23.4,21.58,22.13
3/31/15,22.26,23.03,21.95,22.96
4/1/15,25.69,26.86,22.16,22.17
4/2/15,22.37,22.75,21.49,22.11
4/6/15,23.6,23.77,22.35,22.68
4/7/15,22,22.75,21.55,21.91
4/8/15,22.07,23.61,21.24,22.06
4/9/15,22.15,22.25,21.25,21.29
4/10/15,21.21,22.02,20.92,21.29
4/13/15,21.99,22.15,21.18,21.51
4/14/15,21.57,22.75,21.1,21.15
4/15/15,21.08,21.53,20.09,20.82
4/16/15,18.53,19.8,18.23,19.31
4/17/15,20.27,20.73,19.66,20.36
4/20/15,19.41,19.92,18.66,18.83
4/21/15,18.3,18.92,18.02,18.78
4/22/15,18.44,18.97,18.36,18.54
4/23/15,18.61,18.96,18.13,18.31
4/24/15,18.5,18.82,18.41,18.43
4/27/15,18.82,19.27,18.46,19.15
4/28/15,19.23,19.63,18.89,18.96
4/29/15,18.76,22.83,17.68,18.88
4/30/15,18.86,21.7,18.77,20.21
5/1/15,19.79,22.47,19.53,19.87
5/4/15,20.35,20.43,19.53,19.59
5/5/15,19.93,20.05,19.27,19.99
5/6/15,19.82,21.1,19.73,20.7
5/7/15,20.75,21.46,20.55,20.74
5/8/15,20.09,20.75,19.19,19.38
5/11/15,19.34,19.76,18.32,18.68
5/12/15,19.44,19.91,18.37,19.09
5/13/15,19.27,19.32,17.74,18.26
5/14/15,18.23,18.69,17.84,18.18
5/15/15,17.85,18.76,17.4,17.43
5/18/15,18.02,18.38,17.63,17.73
5/19/15,17.85,17.85,17.1,17.47
5/20/15,17.71,17.9,17.38,17.46
5/21/15,17.97,18.01,17.34,17.53
5/22/15,17.71,17.73,16.4,16.52
5/26/15,18.23,24.24,17.98,18.61
5/27/15,18.78,18.82,17.88,18.04
5/28/15,18.3,18.56,17.8,17.8
5/29/15,18.33,21.07,18.23,18.51
6/1/15,19.24,19.72,18.33,18.79
6/2/15,19.56,19.95,19.13,19.52
6/3/15,19.57,20.39,18.91,19.39
6/4/15,19.84,21.48,19.52,20.29
6/5/15,19.58,21.83,19.58,19.85
6/8/15,20.89,21.26,20.53,20.99
6/9/15,21.01,21.71,20.92,21.26
6/10/15,21.48,21.7,20.02,20.02
6/11/15,19.95,20.05,19.53,19.74
6/12/15,20.15,20.72,19.77,20.03
6/15/15,20.91,21.7,20.89,20.95
6/16/15,21.39,21.51,20.72,20.76
6/17/15,20.71,21.43,20.43,20.55
6/18/15,20.48,20.9,19.57,19.79
6/19/15,19.96,20.01,19.2,19.57
6/22/15,19.22,20.16,18.43,18.52
6/23/15,18.8,19.01,18.32,18.79
6/24/15,19.34,19.98,19.26,19.76
6/25/15,19.82,20.93,19.68,20.86
6/26/15,20.95,21.01,20.49,21.01
6/29/15,22.58,26.05,22.33,25.01
6/30/15,23.87,25.3,23.85,24.52
7/1/15,23.66,24.51,23.66,24.14
7/2/15,24.11,24.3,23.67,24.04
7/6/15,25.65,25.86,24.8,25.06
7/7/15,25.3,28.35,25.29,25.38
7/8/15,26.18,29.63,25.94,27.27
7/9/15,26.61,26.89,25.88,26.54
7/10/15,25.8,26.76,24.56,24.57
7/13/15,23.02,23.75,21.76,21.91
7/14/15,22.3,23.04,20.27,20.83
7/15/15,21.1,21.16,20.26,20.32
7/16/15,17.74,19.17,16.8,17.4
7/17/15,17.18,17.54,16.09,16.16
7/20/15,17.53,19.52,16.39,17.64
7/21/15,17.86,18.22,17.26,17.71
7/22/15,18.05,18.54,17.19,18.29
7/23/15,18.37,24.07,17.45,18.79
7/24/15,19.41,23.25,19.07,20.82
7/27/15,22.78,24.07,22,22.78
7/28/15,22.05,22.9,21.16,21.16
7/29/15,21.64,23.02,20.35,20.41
7/30/15,20.62,21.69,19.6,19.6
7/31/15,20.03,21.73,19.57,20.01
8/3/15,20.63,24.09,20.23,20.23
8/4/15,20.51,21.07,19.84,20.07
8/5/15,19.86,20.89,19.15,19.76
8/6/15,20.14,22.17,19.68,20.85
8/7/15,20.34,21.71,20.12,21.28
8/10/15,20.99,21.75,19.37,19.56
8/11/15,20.44,23.21,20.37,22.09
8/12/15,23.41,27.63,22.94,22.94
8/13/15,23.05,23.48,21.92,22.24
8/14/15,21.88,22.59,21.29,21.29
8/17/15,21.99,22.53,21.05,21.05
8/18/15,21.13,21.55,20.99,21.16
8/19/15,21.69,22.65,21.45,21.93
8/20/15,24.28,26.15,23.19,25.44
8/21/15,27.31,35.02,26.76,35.02
8/24/15,31.15,52.76,31.15,45.84
8/25/15,39.04,44.21,34.82,43.43
8/26/15,41.01,43.72,37.78,41.2
8/27/15,35.12,35.66,32.5,33.1
8/28/15,33.16,34.35,32.81,34
8/31/15,34.47,36.47,34.18,35.21
9/1/15,40.33,41.04,37.52,40.56
9/2/15,39.94,40.19,36.74,36.74
9/3/15,35.32,35.41,32.76,33.8
9/4/15,35.32,38.31,35.24,37.71
9/8/15,35.99,36.48,34.83,34.85
9/9/15,32.15,35.36,31.91,34.39
9/10/15,33.73,35.58,33.73,34.5
9/11/15,36.13,36.84,33.36,33.36
9/14/15,34.72,35.52,34.21,34.25
9/15/15,33.75,34.66,30.4,31.02
9/16/15,30.76,31.66,29.09,29.57
9/17/15,28.69,30.1,26.64,29.24
9/18/15,30.77,32.05,29.71,30.97
9/21/15,29.22,30.21,28.24,28.41
9/22/15,30.27,31.66,30.08,31.23
9/23/15,30.57,32.08,30.42,31.03
9/24/15,33.05,34.07,32.25,32.52
9/25/15,30.88,32.29,30.13,31.67
9/28/15,33.35,36.17,33.32,36.02
9/29/15,35.7,47.76,35.58,36.02
9/30/15,33.41,34.54,33.1,34.02
10/1/15,32.63,34.03,32.55,32.87
10/2/15,33.9,36.13,31.91,31.91
10/5/15,31.61,31.96,29.37,29.43
10/6/15,29.6,30.01,29.31,29.4
10/7/15,27.96,29.38,27.96,28.31
10/8/15,28.83,28.97,27.66,27.76
10/9/15,27.35,28.75,27.35,27.66
10/12/15,27.72,30.19,27.15,27.45
10/13/15,27.59,29.37,26.82,27.46
10/14/15,26.83,28.79,15.53,28.11
10/15/15,28.92,29.66,21.82,23.92
10/16/15,23.16,23.34,20.98,21.05
10/19/15,22.74,23.86,20.69,20.69
10/20/15,21.95,22.64,21.33,22.57
10/21/15,22.09,24.33,21.94,24.33
10/22/15,23.75,24.09,23.41,23.63
10/23/15,21.76,22.78,21.7,22.05
10/26/15,22.89,23.82,21.76,21.99
10/27/15,22.6,22.99,21.39,22.46
10/28/15,21.25,23.18,20.92,21.52
10/29/15,21.78,22.83,21.75,22.74
10/30/15,22.84,23.7,22.65,22.93
11/2/15,23.56,23.8,22.64,22.68
11/3/15,23.4,23.59,22.69,22.73
11/4/15,23.23,26.25,22.51,23.04
11/5/15,23.26,25.28,22.89,23.48
11/6/15,22.51,23.5,22.2,23.46
11/9/15,24.54,25.07,24.52,25.06
11/10/15,25.27,28.42,24.2,24.46
11/11/15,24.22,25.22,23.95,24.01
11/12/15,24.76,26.74,24.61,26.74
11/13/15,26.81,27.43,26.22,27.02
11/16/15,27.74,30,26.61,26.8
11/17/15,27.46,27.76,26.48,26.82
11/18/15,25.8,27.24,25.37,25.38
11/19/15,24.91,25.39,24.73,24.79
11/20/15,24.59,25.71,23.61,23.78
11/23/15,24.53,27.1,23.81,26
11/24/15,23.94,28.72,23.92,24.86
11/25/15,24.85,26.41,24.35,25.48
11/27/15,24.95,24.97,23.94,24.06
11/30/15,24.99,26.54,24.31,24.83
12/1/15,24.75,27.18,24.18,24.21
12/2/15,23.93,25.23,23.93,25.07
12/3/15,24.63,31.23,24.58,28.56
12/4/15,26.98,27.02,24.12,24.67
12/7/15,25.1,27.95,24.95,26.48
12/8/15,26.09,28.12,26.09,27.84
12/9/15,28.13,29.81,27.54,28.86
12/10/15,29.21,29.6,27.67,27.94
12/11/15,29.72,36.16,29.55,35.56
12/14/15,36.56,40.97,34.9,35.06
12/15/15,33.71,37.05,29.5,29.88
12/16/15,28.31,33.71,26.08,27.08
12/17/15,25.86,29.7,24.81,26.91
12/18/15,26.91,32.19,26.91,32.19
12/21/15,31.92,31.92,28.91,30.22
12/22/15,28.77,30.37,26.93,27.56
12/23/15,28.25,28.49,25.49,25.55
12/24/15,25.43,26.03,24.97,25.36
12/28/15,26.43,27.6,26.43,26.75
12/29/15,26.65,26.65,25.29,25.59
12/30/15,26.66,26.67,25.26,26.29
12/31/15,26.28,29.31,25.71,26.63
1/4/16,30.71,34.57,29.91,30.24
1/5/16,30.21,33.98,30.18,30.65
1/6/16,32.19,37.84,29.7,31.35
1/7/16,32.85,35.23,32.3,34.96
1/8/16,34.18,35.96,33.16,35.12
1/11/16,36.73,39.92,34.01,34.79
1/12/16,34.62,37.9,32.92,33.27
1/13/16,32.55,37.74,32.35,36.99
1/14/16,37.2,38.8,34.37,34.66
1/15/16,38.59,44.13,37.04,39.38
1/19/16,39.95,40.4,35.55,36.14
1/20/16,36.51,43.25,35.56,39.01
1/21/16,38.77,39.35,34.96,35.6
1/22/16,35.1,40.79,31.09,31.52
1/25/16,32.45,34.4,32.44,34.4
1/26/16,34.24,34.84,32.63,32.86
1/27/16,34,34,31.27,33.6
1/28/16,33.61,35.12,32.13,32.65
1/29/16,32.29,33.1,30.63,30.72
2/1/16,32.05,34.14,30.75,30.92
2/2/16,34.05,41.19,33.31,37.05
2/3/16,37.06,44.57,37.06,37.7
2/4/16,37.75,37.82,34.68,35.83
2/5/16,35.92,38.11,35.08,37.96
2/8/16,40.39,46.7,40.39,44.53
2/9/16,48.25,48.25,44.92,45.28
2/10/16,44.35,45.23,41.72,43.64
2/11/16,47.33,52.16,47.33,50.84
2/12/16,49.02,49.08,44.98,45.06
2/16/16,44.54,45.13,41.7,41.87
2/17/16,39.55,40.28,36.98,37.01
2/18/16,36.46,37.83,36.38,36.91
2/19/16,38.06,38.15,35.42,35.75
2/22/16,35.68,35.68,32.87,32.95
2/23/16,33.57,36.65,33.57,35.01
2/24/16,36.58,46.73,36.54,37.05
2/25/16,36.81,38.05,34.92,35.03
2/26/16,34.34,36.15,33.24,34.31
2/29/16,34.88,35.37,34,34.75
3/1/16,33.05,33.93,31.52,31.52
3/2/16,31.54,32.65,30.87,30.87
3/3/16,30.68,31.17,29.74,29.93
3/4/16,29.76,29.94,28.18,29.17
3/7/16,30.12,31.77,30.12,30.46
3/8/16,30.49,31.95,30.49,31.95
3/9/16,31.71,33.37,31.71,32.52
3/10/16,32.28,33.83,31.64,32.97
3/11/16,33.65,33.65,29.71,29.71
3/14/16,30.54,31.08,29.26,29.9
3/15/16,30.75,31.32,30.17,30.34
3/16/16,31.1,31.12,27.82,29.12
3/17/16,29.34,30.16,27.32,27.82
3/18/16,27.4,28.03,25.57,25.71
3/21/16,26.29,27.87,25.19,26.04
3/22/16,27.05,27.66,26.75,27.17
3/23/16,27.49,28.06,27.18,27.95
3/24/16,29.14,30.16,28.41,28.71
3/28/16,30.43,31.17,28.9,29.03
3/29/16,29.86,30.27,28.01,28.16
3/30/16,28.17,28.38,27.01,27.13
3/31/16,27.55,27.89,26.7,26.98
4/1/16,27.49,28.9,26.09,26.09
4/4/16,27.48,27.78,26.9,27.37
4/5/16,28.57,29.57,28.23,29.51
4/6/16,29.83,30.26,29.31,29.82
4/7/16,30.89,33.01,30.89,32.38
4/8/16,32.33,32.36,30.99,32.04
4/11/16,33.65,34.02,31.66,31.91
4/12/16,32.04,32.47,30.61,30.75
4/13/16,30.08,30.24,27.04,27.55
4/14/16,28.28,28.34,27.06,27.16
4/15/16,26.94,27.83,26.39,27.16
4/18/16,28.42,30.16,27.78,29.17
4/19/16,26.91,26.98,23.7,23.81
4/20/16,23.85,23.91,22.35,22.39
4/21/16,22.76,23.86,22.4,23.62
4/22/16,23.85,24.17,23.29,23.37
4/25/16,24.8,25.59,24.63,24.88
4/26/16,25.02,25.36,24.14,24.4
4/27/16,24.86,24.91,22.84,23.83
4/28/16,24.53,24.79,23.66,24.71
4/29/16,26.03,26.5,25.04,25.85
5/2/16,26.61,26.87,24.88,24.99
5/3/16,25.78,27.81,25.78,26.64
5/4/16,27.71,28.76,27.1,28.65
5/5/16,28.16,29.01,28.14,28.47
5/6/16,28.82,29.67,27.99,28.2
5/9/16,29.51,29.51,28.32,28.73
5/10/16,28.22,28.28,26.79,27.2
5/11/16,27.62,30.68,26.6,30.68
5/12/16,29.73,31.71,29.31,29.78
5/13/16,29.85,32.39,29.07,30.39
5/16/16,31.27,32.36,29.56,30.25
5/17/16,30.33,31.16,29.44,30.15
5/18/16,30.63,30.63,28.98,29.53
5/19/16,30.39,32.35,29.97,31.49
5/20/16,31.1,31.23,28.52,28.57
5/23/16,29.45,30.4,26.99,27.03
5/24/16,27.36,27.36,25.77,26.06
5/25/16,26.03,26.2,24.42,24.47
5/26/16,24.57,26.84,24.32,24.53
5/27/16,24.63,26.16,23.69,23.76
5/31/16,27.79,27.79,24.15,24.85
6/1/16,26.31,28.17,25.55,25.57
6/2/16,26.06,27.56,25.47,25.58
6/3/16,27.25,28.71,26.12,26.37
6/6/16,27.49,27.49,25.55,25.76
6/7/16,26.38,26.39,25.67,26.04
6/8/16,26.68,26.68,25.97,26.21
6/9/16,26.55,27.3,26.48,26.81
6/10/16,27.9,28.98,27.36,28.93
6/13/16,30.77,31.56,29.45,31.56
6/14/16,32.38,37.35,32.21,33.09
6/15/16,33.59,34.71,31.71,33.03
6/16/16,34.55,35.14,32.22,32.28
6/17/16,32.86,32.86,31.93,32.36
6/20/16,30.95,31.04,30.2,30.57
6/21/16,30.37,31.35,30.36,31.24
6/22/16,31.4,32.75,31.24,32.75
6/23/16,30.56,30.69,29.32,29.38
6/24/16,36.54,38.06,29.83,38.06
6/27/16,37.87,40.46,37.31,37.66
6/28/16,35.55,35.95,32.92,32.93
6/29/16,31.94,32.17,30.56,30.67
6/30/16,29.33,29.83,28.46,28.71
7/1/16,28.77,28.85,27.5,28.17
7/5/16,30.73,31.92,30.64,30.65
7/6/16,31.94,32.37,30.06,30.2
7/7/16,30.21,30.93,29.71,30.18
7/8/16,29.3,30.07,27.88,27.95
7/11/16,28.72,28.82,27.78,28.26
7/12/16,27.25,27.95,26.32,27.33
7/13/16,26.53,27.88,26.47,27.16
7/14/16,26.08,26.67,25,26.67
7/15/16,25.47,26.55,22.15,24.74
7/18/16,25.03,26.09,22.69,23.76
7/19/16,21.42,27.45,19.95,22.31
7/20/16,21.94,24,21.43,22.25
7/21/16,22.72,24.02,22.34,23.37
7/22/16,22.77,24.51,21.41,21.44
7/25/16,23.01,23.29,22.61,22.81
7/26/16,22.98,23.42,22,22.29
7/27/16,22.54,23.64,21.79,21.91
7/28/16,22.24,24.19,22.24,22.41
7/29/16,22.9,24.98,22.03,22.07
8/1/16,23.3,23.81,22.28,22.84
8/2/16,23.39,24.97,23.27,24.13
8/3/16,24.44,24.44,23.27,23.32
8/4/16,23.24,24.04,23.14,23.27
8/5/16,22.82,22.82,21.81,21.81
8/8/16,22.92,22.92,21.98,22.09
8/9/16,22.38,22.38,21.26,21.46
8/10/16,22.01,22.4,21.79,22.25
8/11/16,22.31,22.57,21.92,22.08
8/12/16,23.57,23.62,21.91,21.91
8/15/16,22.01,22.42,20.88,21.17
8/16/16,21.54,22.5,21.43,21.73
8/17/16,21.96,22.98,21.61,21.66
8/18/16,22.6,22.6,21.33,21.71
8/19/16,22.2,22.68,20.74,20.79
8/22/16,22.45,22.98,21.22,21.51
8/23/16,21.37,21.88,21.08,21.76
8/24/16,22.68,23.43,22.07,23.13
8/25/16,23.67,23.95,22.43,22.97
8/26/16,23.33,23.45,20.93,21.8
8/29/16,22.71,23.01,21.75,22.19
8/30/16,22.3,23.37,21.61,21.61
8/31/16,22.18,23.62,22.13,22.39
9/1/16,22.71,24.45,22.55,23.25
9/2/16,23.28,23.28,21.3,21.98
9/6/16,23.64,24.05,22.65,22.77
9/7/16,23.69,23.69,22.51,22.57
9/8/16,23.18,23.38,21.87,22.2
9/9/16,23.02,25.85,23.02,25.49
9/12/16,27.24,28.69,24.28,24.59
9/13/16,25.84,28.93,25.66,28.26
9/14/16,28.51,29.77,26.67,27.95
9/15/16,27.14,33.12,24.45,25.42
9/16/16,25.99,28.92,25.1,25.37
9/19/16,25.87,25.99,23.12,25.43
9/20/16,24.99,26.16,24.03,24.94
9/21/16,24.8,25.89,23.81,23.99
9/22/16,22.78,23.42,22.3,23.06
9/23/16,24.06,26.39,23.69,24.47
9/26/16,27.07,29.73,26.47,27.28
9/27/16,28.34,30.88,26.2,26.28
9/28/16,26.49,26.66,25.56,25.59
9/29/16,26.16,32.19,25.4,29.16
9/30/16,28.8,29.42,20.94,27.43
10/3/16,28.81,29.6,27.81,28
10/4/16,27.9,29.81,27.16,29.81
10/5/16,27.67,29.85,27.28,27.51
10/6/16,27.34,28.67,27.22,27.36
10/7/16,27.43,27.81,26.61,26.78
10/10/16,27.27,27.46,26.51,26.61
10/11/16,26.83,29.55,21.67,27.13
10/12/16,27.25,27.82,27.04,27.29
10/13/16,28.3,30.1,28.11,28.38
10/14/16,26.78,27.82,25.85,26.33
10/17/16,27.01,28.69,25.61,25.84
10/18/16,23.76,24.53,22.22,22.27
10/19/16,22.3,22.69,21.16,21.48
10/20/16,21.77,22.2,21.19,21.39
10/21/16,22.17,22.88,21,21
10/24/16,21.68,22.05,20.85,21.81
10/25/16,21.28,22.05,20.54,20.81
10/26/16,21.4,23.12,21.05,21.3
10/27/16,21.61,23.8,21.35,21.98
10/28/16,23.46,26.71,22.1,23.48
10/31/16,24.59,26.61,24.01,24.05
11/1/16,24.19,27.67,23.65,26.94
11/2/16,26.74,31.84,23.97,27.38
11/3/16,27.57,30.26,26.03,29.42
11/4/16,29.31,31.34,28.08,28.88
11/7/16,27.24,32.82,25.57,26.17
11/8/16,26.89,27.2,25.12,25.39
11/9/16,25.07,30.83,22.43,24.58
11/10/16,23.79,29.17,17.94,28.97
11/11/16,28.78,31.83,27.39,27.62
11/14/16,28.37,31.72,28.23,29.84
11/15/16,30.21,30.26,27.97,28.34
11/16/16,29.32,29.73,28.53,28.81
11/17/16,29.81,29.97,27.2,27.25
11/18/16,27.26,27.98,25.58,25.58
11/21/16,26.11,26.6,24.77,25.06
11/22/16,28.7,28.7,24.82,25.12
11/23/16,25.72,27,24.13,24.34
11/25/16,24.88,25.53,23.93,24.17
11/28/16,25.09,25.26,24.5,24.54
11/29/16,24.57,25.17,24.46,25.05
11/30/16,25.31,28.63,24.31,25.76
12/1/16,25.34,29.79,25.34,29.79
12/2/16,29.02,30.04,27.64,27.82
12/5/16,27.69,27.83,26.61,26.8
12/6/16,26.88,28.92,26.75,27.71
12/7/16,27.7,31.89,27.44,30.96
12/8/16,33.67,34.09,30.3,33.31
12/9/16,33.83,33.93,30.13,30.26
12/12/16,30.97,34.11,29.6,30.78
12/13/16,30.76,31.2,29.79,29.79
12/14/16,30.51,32.23,28.97,31.46
12/15/16,31.09,31.18,29.68,29.82
12/16/16,29.25,30.38,28.24,28.32
12/19/16,28.71,28.76,26.45,26.63
12/20/16,26.61,28.76,26.61,27.72
12/21/16,27.87,27.98,26.91,27.28
12/22/16,27.15,27.57,26.89,27.07
12/23/16,26.91,27.55,26.91,27.23
12/27/16,28.65,28.71,27.76,27.8
12/28/16,27.8,28.86,27.79,28.72
12/29/16,28.92,29.54,28.5,29.5
12/30/16,29.56,30.11,29.56,30.04
1/3/17,31.09,32.06,30.92,31.29
1/4/17,31.37,32.45,30.27,30.48
1/5/17,30.45,30.8,29.59,29.98
1/6/17,30.07,30.35,26.82,28.69
1/9/17,29.77,32.73,29.1,29.3
1/10/17,29.74,29.8,29.16,29.31
1/11/17,29.31,29.94,28.6,28.67
1/12/17,28.65,30.34,28.65,30.21
1/13/17,29.67,29.87,28.4,28.46
1/17/17,29.36,30.18,29.06,29.88
1/18/17,28.17,31.28,25.9,25.97
1/19/17,26.17,26.17,25.27,25.45
1/20/17,24.62,25.6,23.2,23.32
1/23/17,23.76,24.53,23.17,23.17
1/24/17,23.12,27.35,23.01,23.44
1/25/17,23.43,23.43,22.78,22.81
1/26/17,22.88,23.04,22.68,22.77
1/27/17,23.03,23.44,22.81,22.82
1/30/17,23.96,26.17,23.64,24.71
1/31/17,25.1,26.6,24.38,26.09
2/1/17,25.64,26.47,25.03,25.18
2/2/17,27.01,27.01,24.98,25.18
2/3/17,27.06,27.06,24.66,24.83
2/6/17,25.61,25.96,23.89,23.89
2/7/17,23.67,24.01,23.31,23.44
2/8/17,23.82,23.9,23.24,23.42
2/9/17,23.24,23.61,23.01,23.25
2/10/17,23.37,23.37,22.28,22.69
2/13/17,22.42,22.8,22.06,22.14
2/14/17,22.48,23.27,22.24,22.83
2/15/17,22.96,25.95,22.96,23.61
2/16/17,23.52,23.52,22.43,22.48
2/17/17,22.88,22.9,21.61,21.61
2/21/17,22.92,24.04,22.86,23.28
2/22/17,23.16,23.67,22.73,23.05
2/23/17,23.07,24.19,22.94,23.15
2/24/17,24.73,35.87,23.88,23.98
2/27/17,24.73,24.77,23.7,23.73
2/28/17,23.92,26.26,23.7,24.09
3/1/17,23.74,24.68,23.05,23.22
3/2/17,23.16,25.54,23.11,25.54
3/3/17,23.57,24.31,22.97,23.18
3/6/17,23.9,23.99,23.08,23.26
3/7/17,23.46,25.31,23.02,23.38
3/8/17,22.96,25.38,22.96,23.47
3/9/17,23.42,24.75,23.04,24.11
3/10/17,23.26,24.17,23.08,23.32
3/13/17,23.73,28.31,22.06,22.36
3/14/17,23.44,27.71,22.65,22.7
3/15/17,24.52,29.15,21.8,22.73
3/16/17,22.61,23.3,21.35,21.62
3/17/17,21.7,25.75,21.43,21.88
3/20/17,22.86,23.41,21.84,22.05
3/21/17,22.78,25.55,21.87,25.4
3/22/17,25.79,27.73,23.86,26.01
3/23/17,26.14,29.03,24.79,25.38
3/24/17,25.2,29.92,24.77,26.94
3/27/17,24.12,30.87,21.32,26.76
3/28/17,27.28,27.28,24.3,25.46
3/29/17,24.75,26.09,24.34,25.04
3/30/17,26.08,26.08,23.87,24.21
3/31/17,25.8,25.8,23.96,24.32
4/3/17,25.34,26.73,24.9,25.3
4/4/17,25.47,26.21,25.13,25.31
4/5/17,26.03,26.38,23.67,25.62
4/6/17,26.96,27.8,24.63,25.3
4/7/17,25.52,28.31,24.51,24.88
4/10/17,26.57,28.25,24.5,25.83
4/11/17,25.95,28.81,25.35,26.93
4/12/17,27.28,33,26.93,28.3
4/13/17,27.79,36.72,26.54,26.81
4/17/17,28.54,29.07,24.39,26.03
4/18/17,25.86,27.2,23.2,23.25
4/19/17,23.58,24.17,21.53,22.86
4/20/17,22.35,22.69,20.47,21.59
4/21/17,22.18,23.76,21.72,23.31
4/24/17,20.95,21.5,19.73,20.65
4/25/17,20.27,21.21,19.53,20
4/26/17,20.14,20.51,19.79,20.22
4/27/17,20.67,20.89,19.64,19.77
4/28/17,20.16,20.94,19.22,19.66
5/1/17,20.41,20.59,19.66,19.91
5/2/17,20.25,20.36,19.8,20.15
5/3/17,20.34,21.17,19.94,20.64
5/4/17,20.61,21.14,20.46,20.58
5/5/17,20.94,21.34,19.94,20.02
5/8/17,20.7,20.73,19.54,19.56
5/9/17,19.68,19.91,19.18,19.8
5/10/17,20.08,20.25,19.04,19.09
5/11/17,19.51,20.73,19.38,20.12
5/12/17,20.36,20.99,19.91,19.99
5/15/17,20.45,20.54,18.44,18.87
5/16/17,19.35,19.4,18.78,18.94
5/17/17,19.94,25.85,19.94,25.6
5/18/17,25.86,26.26,24.04,24.17
5/19/17,24.76,24.76,21.63,22.18
5/22/17,22.43,22.44,21.01,21.05
5/23/17,21.32,22.78,20.94,21.26
5/24/17,21.56,23.25,20.81,20.85
5/25/17,21.16,21.39,20.62,20.7
5/26/17,20.71,21.17,20.19,20.25
5/30/17,21.48,23.07,21.48,23.02
5/31/17,23.13,27.71,23.13,24.42
6/1/17,24.11,24.84,23.46,24.05
6/2/17,24.95,26.74,23.8,24.13
6/5/17,24.23,24.96,23.75,23.76
6/6/17,23.75,24.9,23.73,24.43
6/7/17,24.88,24.95,24.12,24.2
6/8/17,24.67,24.72,23.55,23.82
6/9/17,23.73,25.82,22.52,24.83
6/12/17,23.88,26.11,23.74,23.74
6/13/17,22.93,24.42,22.93,23.55
6/14/17,24.33,25.76,22.94,24.86
6/15/17,24.52,25.86,23.55,23.88
6/16/17,23.65,24.52,21.16,21.74
6/19/17,22.71,22.71,21.23,22.22
6/20/17,22.67,25,22.38,23.36
6/21/17,23.84,25.01,23.49,24.9
6/22/17,25.66,27.52,25.06,26.8
6/23/17,27.38,29.4,26.58,28.02
6/26/17,27.09,28.56,25.24,25.4
6/27/17,25.45,26.36,24.73,25.77
6/28/17,25.04,26.35,24.92,25.31
6/29/17,31.22,31.22,23.6,25.73
6/30/17,25.36,25.68,24,24.61
7/3/17,30.04,30.04,23.72,24.26
7/5/17,25.39,26.4,24.7,25.26
7/6/17,27.02,28.54,25.47,26.13
7/7/17,25.58,26.22,21.63,24.6
7/10/17,25.58,25.92,23.68,24.37
7/11/17,21.71,25.89,21.71,25.11
7/12/17,25.21,26.26,24.27,24.55
7/13/17,24.95,26.84,23.17,24.02
7/14/17,18.78,25.06,18.5,22.74
7/17/17,23.59,27.73,22.06,22.48
7/18/17,21.22,22.97,18.53,21.34
7/19/17,22.1,25.41,17.41,21.27
7/20/17,19.77,20.83,19.21,19.21
7/21/17,19.71,20.31,18.59,18.92
7/24/17,19.66,21.55,18.95,19.33
7/25/17,19.54,21.84,18.84,19.29
7/26/17,19.18,19.78,18.63,19.05
7/27/17,19.33,20.88,18.31,19.14
7/28/17,24.26,24.26,18.62,18.9
7/31/17,18.99,19.97,18.15,18.15
8/1/17,17.78,18.58,17.6,17.6
8/2/17,17.94,20.59,17.46,20.59
8/3/17,18.43,21.36,17.04,20.31
8/4/17,17.93,20.32,17.89,18.98
8/7/17,20.88,21.87,19.4,21.87
8/8/17,20.59,20.88,19.2,19.73
8/9/17,19.28,22.31,19.28,22.31
8/10/17,22.27,23.88,20.79,23.88
8/11/17,22.04,23.84,21.9,22
8/14/17,22.38,23.75,19.45,20.02
8/15/17,20.9,21.42,20.02,20.12
8/16/17,20.5,21.63,19.09,20.53
8/17/17,20.78,23.55,20.1,23.44
8/18/17,24.16,24.16,21.61,21.71
8/21/17,22.57,23.47,22.04,22.15
8/22/17,21.79,22.25,20.74,21.05
8/23/17,22.03,22.34,20.93,21.46
8/24/17,21.47,22.75,21.19,21.6
8/25/17,21.26,22.76,21.13,22.76
8/28/17,22.52,22.97,22.38,22.63
8/29/17,25.58,31.88,22.53,24.42
8/30/17,22.52,23.05,22.23,22.95
8/31/17,22.55,23.04,22.3,22.89
9/1/17,22.66,23.42,21.59,21.84
9/5/17,23.35,29.1,23.22,26.66
9/6/17,26.27,26.27,23.97,24.16
9/7/17,23.98,28.31,23.97,28.31
9/8/17,25.84,25.84,24.3,25.43
9/11/17,26.8,32.84,22.83,25.15
9/12/17,22.97,23.77,21.85,23.01
9/13/17,23.55,23.55,22.35,22.75
9/14/17,24.05,24.07,21.8,22.06
9/15/17,21.67,24.84,21.47,21.9
9/18/17,22.95,23.29,20.79,22.37
9/19/17,22.22,22.22,21.51,21.76
9/20/17,24.36,24.36,21.16,21.65
9/21/17,22.2,22.64,19.88,21.4
9/22/17,22.12,22.5,20.8,20.9
9/25/17,22.29,32.33,21.88,22.8
9/26/17,22.57,27.99,22.53,27.99
9/27/17,21.77,27.28,21.77,22.51
9/28/17,22.89,25.04,21.98,22.24
9/29/17,22.42,26.12,21.16,26.12
10/2/17,22.72,23.05,21.95,22.16
10/3/17,22.21,25.11,20.84,23.12
10/4/17,22.83,27.19,22.64,23.33
10/5/17,22.48,23.31,22.18,22.74
10/6/17,22.7,26.78,22.46,22.89
10/9/17,23.98,32.33,19.26,24.32
10/10/17,23.72,24.6,23.44,23.61
10/11/17,23.66,24.91,22.48,24.69
10/12/17,24.54,33.14,23.95,24.79
10/13/17,24.72,25.16,22.5,23.53
10/16/17,23.39,27.33,19.74,22.34
10/17/17,38.97,38.97,18.18,20.63
10/18/17,19.65,22.56,18.9,19.12
10/19/17,19.57,24.45,18.31,20.28
10/20/17,19.48,20.82,18.13,20.82
10/23/17,23.64,23.64,19.5,20.26
10/24/17,19.59,20.27,19.42,20.08
10/25/17,20.91,28.72,20.15,28.72
10/26/17,21.42,26.99,19.01,26.99
10/27/17,21.7,26.66,18.57,21.02
10/30/17,22.24,28.2,20.67,28.2
10/31/17,22,23.93,20.57,21.04
11/1/17,21.74,23.61,18.49,21.87
11/2/17,22.68,23.55,20.86,21.9
11/3/17,21.87,27.39,20.04,21.26
11/6/17,22.45,30.26,20.03,21.19
11/7/17,21.37,23.12,20.03,21.66
11/8/17,21.93,28.32,19.74,21.34
11/9/17,22.33,27.04,20.53,22.41
11/10/17,23.46,27.19,21.4,23.45
11/13/17,25.99,27.34,21.32,23.15
11/14/17,22.03,29.77,20.79,23.75
11/15/17,22.99,30.77,20.11,20.4
11/16/17,21.94,29.62,17.91,26.73
11/17/17,29.81,29.81,17.85,23.69
11/20/17,19.8,31.21,15.93,23.14
11/21/17,21.23,27.45,17.28,24.66
11/22/17,20.35,29.16,19.79,22.34
11/24/17,20.67,23.05,19.82,21.47
11/27/17,22.83,25.34,19.87,25.24
11/28/17,21.99,24.31,20.6,22.48
11/29/17,21.53,31.63,21.09,26.32
11/30/17,23.3,26.08,21.33,24.4
12/1/17,23.02,30.49,16.27,24.28
12/4/17,34.85,35.04,21.43,31.13
12/5/17,26.13,27.96,21.44,27.96
12/6/17,33.49,33.95,23.19,24.35
12/7/17,25.07,31.05,22.64,26.54
12/8/17,23.59,28.69,21.78,23.87
12/11/17,32.71,33.54,21.42,23.07
12/12/17,25.38,29.23,20.3,24.02
12/13/17,11.83,28.31,11.83,27.22
12/14/17,24.14,26.42,21.01,26.42
12/15/17,23.57,28.1,20.58,28.1
12/18/17,20.73,25.2,10.27,25.2
12/19/17,23.34,26.45,21.07,23.37
12/20/17,21.94,34.32,16.46,22.86
12/21/17,22.29,29.11,17.33,21.08
12/22/17,21.24,23.79,20.8,22.87
12/26/17,27.25,27.25,23.34,23.35
12/27/17,21.98,25.08,21.98,23.14
12/28/17,31.76,31.76,20.09,23.56
12/29/17,22.22,25.8,21.03,22.58
1/2/18,23.84,25.19,23.11,23.35
1/3/18,23.11,23.73,22.72,23.08
1/4/18,24.59,25.75,16.4,23.43
1/5/18,23.24,24.64,22.82,23.42
1/8/18,21.59,27.06,21.59,23.63
1/9/18,23.16,25.7,22.3,23.91
1/10/18,23.5,26.78,23.11,23.99
1/11/18,23.2,26.99,23.16,24.04
1/12/18,23.39,33.26,22.69,23.09
1/16/18,24.23,36.47,22.47,24.19
1/17/18,27.38,27.38,20.08,22.77
1/18/18,21.97,23.44,19.79,22.48
1/19/18,21.61,23.96,18.16,19
1/22/18,20.63,24.61,17.24,20.84
1/23/18,22.17,25.54,19.03,20.32
1/24/18,19.19,26.15,18.03,20.88
1/25/18,20.91,27.97,18.59,21.7
1/26/18,22.13,25.43,21.34,22.45
1/29/18,26.16,27.05,21.48,24.13
1/30/18,26.22,28.86,23.26,26.48
1/31/18,24.84,28.05,23.97,28.05
2/1/18,29.18,29.18,23.03,24.58
2/2/18,24.59,31.49,23.39,29.13
2/5/18,28.72,39.22,22.13,34.04
2/6/18,27.59,40.19,24.26,32.4
2/7/18,26.91,33.95,25.68,28.49
2/8/18,32.43,39.47,26.28,34.69
2/9/18,35.39,52.05,27.97,40.44
2/12/18,37.16,41.36,30.13,30.82
2/13/18,30.48,36.37,28.82,28.97
2/14/18,28.91,32.92,22.77,26.18
2/15/18,26.05,28.95,24.85,25.64
2/16/18,24.56,26.1,22.49,24.9
2/20/18,29.25,29.25,23.54,25.62
2/21/18,25.76,28.5,22.46,26.76
2/22/18,26.8,31.94,25.15,27.08
2/23/18,26.09,30.02,23.21,25.34
2/26/18,27.6,27.92,18.37,23.45
2/27/18,23.25,25.32,18.07,23.36
2/28/18,24.13,28.33,21.84,26.81
3/1/18,26.88,32.92,25.84,28.68
3/2/18,29.77,34.59,23.51,26.87
3/5/18,29.36,31.58,25.76,26.89
3/6/18,29.37,29.74,25.2,26.16
3/7/18,31.45,31.45,26.59,26.92
3/8/18,26.51,26.98,24.99,25.87
3/9/18,29.73,29.73,22.89,22.92
3/12/18,26.1,26.51,20.29,22.42
3/13/18,26.47,27.31,17.35,23.9
3/14/18,25.66,27.92,22.74,24.47
3/15/18,25.73,29.87,18.37,24.73
3/16/18,24.43,36.36,13.57,23
3/19/18,24.91,30.85,21.09,27.61
3/20/18,27.37,28.79,25.06,26.03
3/21/18,25.54,31.06,19.19,26.81
3/22/18,28.82,33.83,22.37,31.05
3/23/18,31.68,34.76,25.29,34.29
3/26/18,34.06,34.06,26.44,30.91
3/27/18,30.84,36.81,28.03,32.86
3/28/18,32.79,40.49,29.66,33.16
3/29/18,31.92,34.31,28.83,29.66
4/2/18,33.42,38.25,27.08,34.03
4/3/18,34.17,36.51,25.67,33.64
4/4/18,34.06,35.73,30.35,30.48
4/5/18,32.4,35.24,26.48,28.79
4/6/18,28.16,36.81,22.62,31.99
4/9/18,31.44,36.57,21.83,30.91
4/10/18,29.3,37.02,28.01,30.33
4/11/18,32.36,32.36,29.48,29.92
4/12/18,29.53,30.4,25.15,28.2
4/13/18,27.26,28.45,25.62,27.63
4/16/18,27.21,30.65,22.43,26.05
4/17/18,24.51,25.05,23.47,24.43
4/18/18,24.25,24.58,23.36,23.94
4/19/18,24,24.48,23.02,23.97
4/20/18,24.32,24.41,23.11,24.09
4/23/18,24.99,26.02,23.55,24.7
4/24/18,24.82,26.52,23.37,25.89
4/25/18,26.47,27.51,25.88,26.75
4/26/18,27.22,27.27,24.77,24.78
4/27/18,24.91,25,23.56,23.65
4/30/18,24.34,25.32,23.37,25.29
5/1/18,24.2,25.09,16.73,23.65
5/2/18,24.36,26.9,20.87,26.9
5/3/18,24.03,25.27,23.46,24.17
5/4/18,24.69,24.87,23,23.02
5/7/18,24.06,24.1,22.64,22.85
5/8/18,23.05,23.64,22.29,22.47
5/9/18,22.44,22.52,21.73,21.92
5/10/18,22.17,22.23,20.99,21.41
5/11/18,21.69,23,20.54,20.76
5/14/18,22.18,22.18,19.35,20.5
5/15/18,20.68,27.71,20.42,21.22
5/16/18,21.68,23.75,20.03,20.36
5/17/18,20.35,20.88,20.08,20.59
5/18/18,20.54,21.29,17.7,19.88
5/21/18,20.1,28.21,18.99,19.97
5/22/18,20.37,20.42,19.59,19.77
5/23/18,20.25,26.05,19.87,20.14
5/24/18,20.6,21.13,20.2,20.26
5/25/18,20.65,22.25,20.28,20.57
5/29/18,24.28,29.38,21.98,24.05
5/30/18,23.94,25.33,22.04,22.09
5/31/18,22.87,24.09,22.32,23.37
6/1/18,22.47,23.04,21.63,21.82
6/4/18,22.72,22.72,21.85,21.94
6/5/18,22.33,22.71,21.66,21.66
6/6/18,22.49,22.49,20.78,21.89
6/7/18,22.13,22.54,21.5,22.44
6/8/18,22.69,22.8,21.84,21.97
6/11/18,23.21,23.24,21.26,21.45
6/12/18,21.92,22.49,21.13,21.21
6/13/18,22.16,25.44,19.2,21.51
6/14/18,21.77,24.16,21.7,22.12
6/15/18,22.05,23.82,22.05,23.26
6/18/18,24.38,24.38,23,23.01
6/19/18,23.78,25.31,22.53,23.62
6/20/18,23.48,23.98,23.4,23.89
6/21/18,24.01,26.29,23.85,24.89
6/22/18,24.13,32.99,24.08,27.98
6/25/18,25.27,28.53,25.27,26.72
6/26/18,27.17,35.21,19.07,26.09
6/27/18,27.38,37.1,26.29,27.56
6/28/18,27.45,34.28,27.45,28.49
6/29/18,27.49,30.76,24.51,25.94
7/2/18,26.83,27.15,20.59,25.3
7/3/18,25.3,27.37,24.85,25.59
7/5/18,21.51,27.33,21.42,24.69
7/6/18,33.5,33.5,23.17,23.17
7/9/18,23.79,23.83,22.76,23.09
7/10/18,25.53,25.53,21.83,23.25
7/11/18,26.67,26.67,22.73,24.37
7/12/18,23.92,24.63,22.96,23.18
7/13/18,22.88,25.57,19.27,21.39
7/16/18,22,32.07,19.48,22.13
7/17/18,21.86,24.75,17.1,19.96
7/18/18,20.17,21.94,18.06,19.19
7/19/18,19.24,19.59,18.97,19.5
7/20/18,19.56,20.37,18.77,19.32
7/23/18,19.15,20.23,19.14,19.16
7/24/18,18.8,19.63,18.47,18.82
7/25/18,18.87,20.95,17.96,18.29
7/26/18,18.33,18.67,18.03,18.13
7/27/18,19.47,19.75,17.72,17.92
7/30/18,18.72,20.74,17.35,18.99
7/31/18,19.82,19.96,18.75,18.75
8/1/18,18.26,19.52,18.26,19.12
8/2/18,19.36,19.55,18.32,18.37
8/3/18,18.31,18.43,17.12,17.37
8/6/18,17.94,17.96,17.12,17.12
8/7/18,17.14,18.12,16.89,16.98
8/8/18,17.09,18.9,16.49,18.9
8/9/18,17.07,18.35,16.47,17.37
8/10/18,17.57,20.48,17.49,18.91
8/13/18,17.63,19.74,17.36,18.68
8/14/18,17.65,18.17,16.66,16.84
8/15/18,17.23,22.76,17.07,18.44
8/16/18,18.05,18.05,16.51,16.7
8/17/18,15.09,20.44,15.09,16.71
8/20/18,17.33,17.65,16.56,16.64
8/21/18,16.42,16.51,15.87,16.16
8/22/18,16.58,17.49,15.86,16.6
8/23/18,16.69,17.4,16.62,17.34
8/24/18,17.37,18.67,16.96,16.99
8/27/18,17.48,18.81,17.33,18.77
8/28/18,18.93,20.67,18.76,19.37
8/29/18,19.39,19.67,18.18,19
8/30/18,19.43,20.96,19,19.59
8/31/18,19.84,20.08,19.47,19.64
9/4/18,19.61,24.05,19.61,20.6
9/5/18,21.07,24.68,20.53,21.21
9/6/18,22.92,22.92,20.11,21.91
9/7/18,22.18,28.19,19.24,26.92
9/10/18,22.19,23.96,21.62,22.1
9/11/18,23.57,23.88,22.07,22.27
9/12/18,22.47,26.39,17.57,23.03
9/13/18,22.87,22.97,21.53,21.6
9/14/18,21.58,26.21,21.07,21.25
9/17/18,22.82,29.54,21.79,22.11
9/18/18,22.19,23.84,21.51,21.7
9/19/18,21.48,23.78,21.02,21.34
9/20/18,21.05,21.36,20.8,20.94
9/21/18,21.62,21.62,20.53,20.53
9/24/18,22.87,24.39,18.66,21.68
9/25/18,21.79,23.48,21.68,21.84
9/26/18,25.06,25.9,21.68,22.49
9/27/18,26.86,26.86,22.07,23.09
9/28/18,22.82,25.01,22.19,23.06
10/1/18,23.67,24.57,22.94,23.29
10/2/18,28.35,28.36,20.79,23.63
10/3/18,23.52,26.44,23.47,23.93
10/4/18,24.46,26.11,19.29,25.69
10/5/18,25.64,28.53,24.92,25.51
10/8/18,30.78,31.16,24.95,25.59
10/9/18,27.45,28.34,21.23,26.12
10/10/18,26.21,38.21,25.55,31.48
10/11/18,32.78,41.28,24.54,34.23
10/12/18,33.69,33.69,27.33,30.6
10/15/18,31.08,32.35,27.74,29.01
10/16/18,26.2,29.19,23.51,23.88
10/17/18,24.57,24.59,23.26,23.42
10/18/18,29.46,29.46,18.26,25.76
10/19/18,26.06,29.05,21.08,28.3
10/22/18,27.86,35.58,21.05,26.57
10/23/18,39.72,39.72,27.82,28.16
10/24/18,30.66,37.33,27.63,36.99
10/25/18,33.92,34.27,29.82,30.53
10/26/18,35.47,35.95,30.5,33.66
10/29/18,35.38,37.85,30.01,33.89
10/30/18,35.62,37.18,31.17,31.62
10/31/18,36.97,40.52,27.89,29.23
11/1/18,24.66,37.59,24.66,27.61
11/2/18,26.7,30.41,24.22,28.06
11/5/18,28.3,31.9,22.68,28.52
11/6/18,28.4,29.66,26.92,26.92
11/7/18,25.38,28.09,22.72,23.15
11/8/18,23.74,24.87,22.75,23.63
11/9/18,24.11,28.97,19.91,25.94
11/12/18,40.06,41.8,25.28,34.16
11/13/18,33.82,44.55,15.24,32.06
11/14/18,32.45,35.02,30.05,34.23
11/15/18,34.14,44.53,25.79,31.71
11/16/18,32.22,33.01,29.74,30.14
11/19/18,33.37,33.45,29.17,31.7
11/20/18,36.59,38.59,31.31,35.56
11/21/18,34.11,35.72,31.17,32.13
11/23/18,33.6,39.32,32.81,33.32
11/26/18,33.95,34.81,26.29,31.51
11/27/18,32.63,36.07,21.51,30.67
11/28/18,30.68,33.01,28.18,29.02
11/29/18,29.64,32.34,24.18,29.68
11/30/18,30.62,33.33,29.39,30
12/3/18,29.08,29.43,27.22,27.69
12/4/18,27.89,35.52,27.55,33.6
12/6/18,39.56,40.63,34.99,35.12
12/7/18,35.42,39.92,32.8,36.83
12/10/18,38.25,45.4,36.19,38.15
12/11/18,36.42,56.48,35.08,37.29
12/12/18,35.75,42.28,34.37,36.19
12/13/18,35.81,39.9,34.3,35.8
12/14/18,36.85,43.56,35.53,37.48
12/17/18,39.38,49.53,32.85,40.93
12/18/18,40.89,41.13,38.97,40.63
12/19/18,40.65,52.35,31.04,39.99
12/20/18,40.12,51.43,33.02,45.26
12/21/18,41.19,55.99,39.38,52.5
12/24/18,51.96,69.97,48.77,52.19
12/26/18,53.44,66.98,44.98,44.98
12/27/18,54.7,61.55,46.44,47.9
12/28/18,47.89,65.85,43.59,48.28
12/31/18,53.34,57.49,40.33,40.59
1/2/19,43.17,52.38,37.29,37.77
1/3/19,41.75,49.67,38.02,40.26
1/4/19,40.19,41.72,35.79,36.6
1/7/19,40.77,44.24,35.4,36.65
1/8/19,35.8,40.68,35.11,35.53
1/9/19,35.19,38.23,33.91,34.86
1/10/19,39.11,39.11,33.41,33.9
1/11/19,34.19,38.31,33.14,33.27
1/14/19,34.01,34.71,31.27,31.59
1/15/19,30.49,36.84,30.49,31.56
1/16/19,30.88,34.38,24.16,28.44
1/17/19,29.9,30.27,26.62,27.85
1/18/19,26.18,34.5,21.73,26.13
1/22/19,26.17,33.78,24.78,28.9
1/23/19,28.54,29.85,27.62,27.99
1/24/19,28.19,28.83,26.33,27.53
1/25/19,27.34,30.13,24.7,25.41
1/28/19,26.6,27.41,25.76,26
1/29/19,26.71,30.17,25.82,26.82
1/30/19,25.77,27.77,25.1,25.97
1/31/19,26.64,26.83,24.45,25.91
2/1/19,27.32,27.32,23.73,24.85
2/4/19,25.64,26,23.72,24.14
2/5/19,24.78,24.78,21.58,23.69
2/6/19,23.45,24.08,21.83,23.81
2/7/19,23.98,26.56,23.28,26.06
2/8/19,25.49,28.15,25.24,26.39
2/11/19,25.74,26.43,25.24,25.53
2/12/19,31.28,31.28,23.86,25.51
2/13/19,25.42,30.84,24.87,25.35
2/14/19,26.26,28.57,25.08,26.53
2/15/19,26.48,29.48,24.92,25.45
2/19/19,27.1,27.31,25.67,25.9
2/20/19,26.02,26.51,24.92,25.73
2/21/19,25.36,26.87,25.22,25.56
2/22/19,31.27,31.27,24.67,25.58
2/25/19,25.85,26.08,25.21,25.53
2/26/19,25.75,26.3,25.27,25.87
2/27/19,28.48,28.48,22.69,25.74
2/28/19,28.48,32.29,22.69,26.28
3/1/19,28.48,32.29,22.69,26.09
3/4/19,28.48,32.29,22.69,27.27
3/5/19,25.82,28.31,25.79,26.33
3/6/19,26.92,27.96,24.98,26.92
3/7/19,27.02,31.63,27.02,28.52
3/8/19,29.58,30.35,27.85,28.96
3/11/19,26.43,30.29,23.85,24.22
3/12/19,26.36,27.11,23.89,26.89
3/13/19,24.31,28.38,24.31,25.79
3/14/19,25.81,27.69,23.54,25.88
3/15/19,26.43,27.66,19.4,25.13
3/18/19,24.49,26.64,23.3,24.82
3/19/19,24.96,26.05,23.3,25.64
3/20/19,30.84,30.84,25.89,28.08
3/21/19,27.16,33.33,27.16,27.75
3/22/19,28.52,31.91,26.84,30.66
3/25/19,29.68,34.22,28.27,30.43
3/26/19,29.16,29.59,28.3,28.9
3/27/19,27.58,31.77,27.58,29.37
3/28/19,33.1,34.34,28.32,28.38
3/29/19,27.77,28.49,26.43,26.91
4/1/19,27.02,27.57,26.56,26.81
4/2/19,26.77,27.79,25.76,26.59
4/3/19,26.37,28.01,25.72,26.78
4/4/19,29.66,29.66,26.57,27.19
4/5/19,26.85,27.28,26.5,26.62
4/8/19,27.28,30.19,26.96,27.05
4/9/19,27.34,28.78,26.96,28.26
4/10/19,27.96,29.08,27.8,28.82
4/11/19,28.18,28.92,27.25,28.84
4/12/19,28.06,28.98,27.92,28.68
4/15/19,31.98,31.98,23.08,23.77
4/16/19,21.25,23.44,21.02,21.02
4/17/19,21.42,21.58,20.59,21.12
4/18/19,21.13,21.34,20.49,20.58
4/22/19,22.05,23.01,20.74,21.1
4/23/19,21.41,21.71,20.44,21.01
4/24/19,21.07,22.87,19.05,22.06
4/25/19,25.65,25.65,22.09,23.09
4/26/19,24.9,24.9,21.38,22.08
4/29/19,21.68,23.12,21.68,22.75
4/30/19,25.41,25.41,21.39,21.61
5/1/19,22.33,23.3,20.83,23.11
5/2/19,21.28,24.33,21.28,23.85
5/3/19,23.21,23.52,21.76,23.04
5/6/19,27.22,27.25,25,25.09
5/7/19,26.1,29.79,25.98,29.02
5/8/19,29.31,30.3,28.09,28.56
5/9/19,29.62,31.15,28.38,28.57
5/10/19,29.08,29.08,25.62,25.75
5/13/19,26,31.17,26,30.82
5/14/19,30.62,30.62,25.42,26.44
5/15/19,27.87,27.87,24.2,25.35
5/16/19,25.39,25.39,22.38,24.59
5/17/19,26.66,26.66,23.71,24.95
5/20/19,25.81,26.8,25.29,25.92
5/21/19,25.72,25.93,23.28,23.28
5/22/19,24.19,26.19,23.12,24.57
5/23/19,26.12,28.77,25.58,28
5/24/19,28.41,28.41,26.04,26.12
5/28/19,27.47,27.85,25.75,27.72
5/29/19,28.39,29.36,27.97,28.45
5/30/19,28.98,28.98,27.43,28.16
5/31/19,29.92,33.55,28.53,30.4
6/3/19,31.78,37.63,28.5,30.29
6/4/19,29.46,29.91,28.1,28.1
6/5/19,28.47,29.3,28.23,28.53
6/6/19,29.99,30.4,27.15,27.57
6/7/19,27.82,27.82,26.94,27.22
6/10/19,27.33,28.44,27.05,28.12
6/11/19,28.08,28.59,27.51,27.92
6/12/19,27.99,30.92,27.78,29
6/13/19,29.24,30.42,27.9,28.3
6/14/19,28.23,28.75,27.6,27.76
6/17/19,29.39,29.44,28.35,28.76
6/18/19,28.72,28.73,27.71,28.11
6/19/19,27.84,29.64,26.19,27.52
6/20/19,27.47,28.48,26.79,26.94
6/21/19,26.88,27.45,26.41,27.45
6/24/19,27.4,30.47,25.37,27.57
6/25/19,27.54,31.82,27.54,29.34
6/26/19,29.79,29.79,28.2,28.29
6/27/19,27.89,30.17,27.55,28.15
6/28/19,26.93,29.71,26.91,29.71
7/1/19,27.82,27.86,24.74,25.06
7/2/19,25.22,25.39,23.67,23.73
7/3/19,23.96,24.33,23.66,23.96
7/5/19,24.41,25.3,24.11,24.66
7/8/19,25.99,26.32,25.4,25.78
7/9/19,28.35,28.35,25.56,25.69
7/10/19,25.91,26.91,25.2,25.75
7/11/19,26.21,26.21,25.24,25.6
7/12/19,25.55,26.31,25.1,25.82
7/15/19,26.43,27.77,25.59,26.21
7/16/19,23.63,24.09,22.48,22.48
7/17/19,22.37,23.15,21.65,22.05
7/18/19,22.61,22.66,21.37,21.67
7/19/19,21.28,21.78,20.88,21.47
7/22/19,25.3,25.3,20.67,20.81
7/23/19,20.94,21.14,20.04,20.46
7/24/19,20.64,21.07,20.05,20.41
7/25/19,20.67,22.85,20.53,20.92
7/26/19,21.17,21.2,20.25,20.29
7/29/19,21.42,21.47,20.79,21.13
7/30/19,21.51,22.01,21.28,21.78
7/31/19,21.72,22.44,20.73,22.02
8/1/19,22.33,27.17,22.03,26.53
8/2/19,28.52,29.27,26.49,26.74
8/5/19,38.91,41.02,30.59,32.94
8/6/19,32.66,34.23,29,29.51
8/7/19,31.06,33.34,30.23,30.24
8/8/19,30.11,30.12,26.98,27.08
8/9/19,26.58,28.82,26.05,27.42
8/12/19,28.97,39.42,28.97,30.5
8/13/19,49.01,58.49,26.83,27.11
8/14/19,30.73,34.22,30.25,33.36
8/15/19,34.58,43.3,30.83,31.71
8/16/19,30.96,31.13,27.96,28.25
8/19/19,27.91,28.04,26.26,26.39
8/20/19,27.41,28.15,22.57,28.02
8/21/19,26.55,32.91,25.03,26.26
8/22/19,29.59,29.59,23.81,26.42
8/23/19,27.39,31.72,26.23,30.65
8/26/19,32.14,32.14,29.5,29.53
8/27/19,29.37,31.06,28.89,29.89
8/28/19,30.65,33.62,28.53,28.75
8/29/19,27.83,27.83,26.15,26.59
8/30/19,26.57,27.11,25.89,26.84
9/3/19,29.2,35.27,28.74,29.49
9/4/19,28.71,28.95,26.73,27
9/5/19,25.9,27.64,23.63,26.19
9/6/19,26.32,26.63,24.92,25.34
9/9/19,27.43,27.43,25.43,26.31
9/10/19,28.33,34.94,25.87,26.76
9/11/19,26.6,27.64,26.3,26.41
9/12/19,26.26,27.7,21.46,25.73
9/13/19,27.73,27.73,24.82,25.33
9/16/19,22.07,34.21,22.07,26.71
9/17/19,27.22,34.48,26.71,27.55
9/18/19,27.77,27.77,21.86,26.72
9/19/19,26.76,30.73,20.49,25.44
9/20/19,25.69,31.06,20.73,24.78
9/23/19,25.93,27.19,24.62,26.17
9/24/19,22.23,28.74,22.23,28.53
9/25/19,26.27,32.25,26.01,27.04
9/26/19,26.82,30.46,25.86,26.98
9/27/19,27.12,28.64,23.11,27.75
9/30/19,27.68,30.93,26.7,27.85
10/1/19,28.07,30.99,25.61,30.43
10/2/19,30.38,36.76,29.87,32.11
10/3/19,32.61,36.65,28.42,31.44
10/4/19,31.72,31.82,27.77,28.41
10/7/19,28.57,30.03,27.26,29.12
10/8/19,41.13,41.13,30.46,31.98
10/9/19,36.14,38.62,29.24,30.56
10/10/19,30.72,31.07,29.22,29.42
10/11/19,28.32,34.74,21.46,28.51
10/14/19,34.79,34.79,20.7,26.8
10/15/19,38.86,38.86,21.68,23.57
10/16/19,24.27,27.53,22.2,23.56
10/17/19,23.2,24.53,19.3,24.01
10/18/19,22.64,32.45,20.92,23.13
10/21/19,22.94,23.56,16.81,22.32
10/22/19,22.65,26.9,21.45,22.96
10/23/19,31.53,32.84,21.52,22.82
10/24/19,31.33,31.33,21.53,21.71
10/25/19,31.97,33.17,20.1,21.26
10/28/19,23.52,23.92,20.4,21.9
10/29/19,22.27,25.48,20.42,22.1
10/30/19,22.12,23.87,21.02,22.48
10/31/19,26.25,26.34,21.18,22.57
11/1/19,22.98,23.46,20.5,21.45
11/4/19,22.34,23.36,21.07,22
11/5/19,21.98,22.53,19.58,21.15
11/6/19,22.49,24.31,21,21.54
11/7/19,21.09,28.42,20.52,22.78
11/8/19,22.62,26.05,21.68,22.01
11/11/19,28.6,28.6,19.49,21.16
11/12/19,20.83,28.54,19.75,20.38
11/13/19,25.21,26.55,18,21.51
11/14/19,25.05,27.03,19.31,19.4
11/15/19,16.14,21.55,16.14,20.42
11/18/19,21.28,22.17,19.58,20.77
11/19/19,20.58,27.2,19.51,20.9
11/20/19,22.43,23.29,20.39,22.04
11/21/19,19.34,25.27,19.34,22.51
11/22/19,20.87,27.75,20.35,20.94
11/25/19,21.64,21.76,20.42,21.09
11/26/19,23.31,25.78,20.49,20.8
11/27/19,26.48,26.48,18.07,21.08
11/29/19,30.43,30.43,20.96,21.49
12/2/19,22.29,29.65,22.29,23.48
12/3/19,26.95,29.01,25.65,26.24
12/4/19,28.21,28.21,23.7,24.87
12/5/19,24.49,32.04,23.39,23.71
12/6/19,22.57,24.58,22.33,24.11
12/9/19,26.55,26.55,23.02,24.49
12/10/19,24.61,29.45,23.19,24.76
12/11/19,24.84,29.33,23.86,24.51
12/12/19,24.65,27.63,23.13,24.52
12/13/19,24.12,29.54,22.14,22.43
12/16/19,22.3,22.94,21.06,22.45
12/17/19,22.48,22.77,20.16,22.5
12/18/19,22.61,25.24,20.65,22.51
12/19/19,27.01,37.18,21.85,22.3
12/20/19,22.19,32.7,21.2,22.38
12/23/19,23.07,31.34,19.28,22.23
12/24/19,22.37,22.48,21.6,22.36
12/26/19,22.19,23.26,20.29,22.66
12/27/19,22.79,24.48,22.17,23.15
12/30/19,22.25,25.91,22.25,24.04
12/31/19,24.15,26,23.49,23.8
1/2/20,25.16,26.58,23.14,23.14
1/3/20,26.12,28.63,23.85,24
1/6/20,24.06,26.27,24.06,24.53
1/7/20,24.36,28.11,21.71,24.58
1/8/20,24.84,25.16,23.45,24.84
1/9/20,26.67,29.83,23.87,23.98
1/10/20,24.31,26.06,22.68,23.54
1/13/20,23.35,28.92,15.88,25.46
1/14/20,25.09,33.64,18.29,26.04
1/15/20,25.2,25.2,16.82,23.03
1/16/20,23.29,26.16,20.22,22.16
1/17/20,21.79,25.7,20.24,20.8
1/21/20,21.71,27.05,20.65,22.38
1/22/20,22.41,24.26,20.74,21.46
1/23/20,20.67,25.62,19.88,22.91
1/24/20,23.11,25.53,22.94,24.44
1/27/20,24.4,41.3,21.88,26.09
1/28/20,24.84,38.98,23.75,24.73
1/29/20,23.31,25.04,22.35,24.34
1/30/20,24.3,30.31,24.1,24.43
1/31/20,26.3,31.79,22.39,27.54
2/3/20,25.82,28.82,23.44,26.14
2/4/20,26.24,26.24,18.37,24.5
2/5/20,23.87,26.77,22.69,23.66
2/6/20,23.85,24.14,22.71,23.27
2/7/20,26.83,26.83,19.27,23.97
2/10/20,25.01,25.36,23.09,24.11
2/11/20,23.83,23.97,22.15,23.52
2/12/20,23.24,24.38,19.8,22.65
2/13/20,23.53,24.82,20.72,22.34
2/14/20,21.34,22.81,20.99,21.76
2/18/20,22.79,24.27,21.64,23.24
2/19/20,23.28,23.28,21.1,22.02
2/20/20,22.42,25.15,21.1,23.68
2/21/20,24.94,27.89,23.57,26.84
2/24/20,32.71,38.79,30.36,31.31
2/25/20,31.06,37.2,29.31,36.28
2/26/20,35.37,36.19,31.69,35.16
2/27/20,38.26,45.97,36.82,45.49
2/28/20,41.84,61.18,38.28,58.3
3/2/20,53.87,53.87,40.5,42.12
3/3/20,41.06,50.37,27.37,45.57
3/4/20,40.4,46.65,36.46,36.93
3/5/20,38.61,56.02,37.86,54.7
3/6/20,53.15,68.15,53.15,65.04
3/9/20,65.49,96.55,65.49,81.45
3/10/20,76.05,82.96,68.82,76.55
3/11/20,82.63,85.98,74.07,83.65
3/12/20,82.82,106.41,81.58,103.45
3/13/20,102.88,108.95,84.27,87.8
3/16/20,81.96,121.75,81.96,117.43
3/17/20,115.67,120.12,95.11,107.29
3/18/20,121.27,126.63,109.13,123.83
3/19/20,117.7,130.71,107.41,113.11
3/20/20,113.82,113.98,85.71,104.14
3/23/20,96.56,104.57,83.69,101.92
3/24/20,82.72,93.58,75.82,75.82
3/25/20,74.79,91.57,69.27,90.36
3/26/20,81.9,88.51,74.52,74.52
3/27/20,88.61,92.03,77.19,86.82
3/30/20,104.88,104.88,72.66,77.61
3/31/20,79.43,79.52,63.06,72.84
4/1/20,82.09,85.4,69.3,82.35
4/2/20,79.12,84.97,58.91,76.34
4/3/20,73.12,80.71,59.24,78.73
4/6/20,57.51,72.57,43.31,63.67
4/7/20,59.89,65.29,44.55,62.61
4/8/20,60.67,65.49,53.07,63.82
4/9/20,53.64,64.67,47.56,59.06
4/13/20,61,66.65,49.47,63.8
4/14/20,58.77,62.02,50.44,57.85
4/15/20,56,64.37,43.8,57.81
4/16/20,56.04,60.06,56.04,58.8
4/17/20,56.62,58.51,41.77,55.84
4/20/20,59.59,63.31,58.76,62.75
4/21/20,65.61,68.88,59.92,62.39
4/22/20,60.94,61.1,53.91,60.04
4/23/20,57.25,60.33,41.38,57.18
4/24/20,55.58,58,45.07,49.92
4/27/20,52.09,52.74,46.2,46.66
4/28/20,45.92,46.98,43.57,43.69
4/29/20,40.42,44.28,40.42,43.78
4/30/20,44.81,47.61,44.74,46.64
5/1/20,49.58,52.46,49.16,51.55
5/4/20,54.07,55.24,47.08,51.7
5/5/20,49.26,49.64,46.21,47.93
5/6/20,46.8,50.2,45.35,48.76
5/7/20,46.76,46.76,44.6,45.49
5/8/20,43.29,47.13,43.2,44.97
5/11/20,44.03,45.08,41.9,42.9
5/12/20,41.9,43,40,40.93
5/13/20,42.54,57.38,42.19,50.92
5/14/20,52.91,57.04,51.85,51.88
5/15/20,53.14,53.25,47.66,47.91
5/18/20,47.58,47.6,44.4,46.03
5/19/20,47.12,47.58,44.78,45.62
5/20/20,45.28,45.75,43.55,44.79
5/21/20,44.99,45.82,44.2,44.87
5/22/20,45.29,45.72,43.43,43.92
5/26/20,44.73,45.42,42,44.25
5/27/20,41.19,45.35,41.19,45.35
5/28/20,43.39,45.07,40.48,41.48
5/29/20,41.7,47.93,36.72,43.63
6/1/20,42.92,45.31,42.87,43.17
6/2/20,42.08,55.85,40.6,44.86
6/3/20,44.63,45.38,40.18,44.82
6/4/20,44.04,44.58,41.16,41.67
6/5/20,40.56,42.1,39.49,40.26
6/8/20,41.24,43.34,40.8,41.51
6/9/20,42.2,44.73,32.19,42.34
6/10/20,42.46,45.3,41.96,44.47
6/11/20,52.41,58.39,47.99,58.21
6/12/20,57.92,60.83,50.8,54.88
6/15/20,59.38,60.28,48.44,54.86
6/16/20,51.41,55.48,41.16,52.67
6/17/20,52.02,60.99,40.9,51.13
6/18/20,51.39,51.86,46.95,50.32
6/19/20,48.28,49.6,45.82,49.23
6/22/20,49.2,49.93,46.53,47.97
6/23/20,48.35,48.58,46.42,47.01
6/24/20,50,50.69,46.61,50.66
6/25/20,51.21,52.86,50.79,51.03
6/26/20,50.96,56.1,49.73,53.87
6/29/20,54.3,54.3,48.87,49.47
6/30/20,51,51,42.43,45.15
7/1/20,42.64,44.51,40.62,43.96
7/2/20,42.37,42.74,36.82,41.64
7/6/20,40.87,44.51,38.23,44.51
7/7/20,44.91,45.19,43.7,44.87
7/8/20,44.09,46.66,43.09,46.08
7/9/20,45.69,49.46,45.17,48.47
7/10/20,47.82,49.45,46.77,47.08
7/13/20,46.36,48.96,41.65,48.19
7/14/20,47.48,49.43,41.68,44.54
7/15/20,42.45,44.74,39.27,41.07
7/16/20,42.18,42.93,37.75,38.2
7/17/20,37.38,37.68,36.16,36.53
7/20/20,37.05,38.42,34.95,35.59
7/21/20,35.78,37.39,33.51,37.1
7/22/20,37.45,37.64,32.66,35.91
7/23/20,35.65,36.2,33.11,35.41
7/24/20,35.53,36.48,34.98,35.83
7/27/20,37.89,37.89,34.67,35.03
7/28/20,34.44,35.08,33.86,34.26
7/29/20,35.04,35.23,30.84,34
7/30/20,35.03,35.55,34.18,34.29
7/31/20,33.97,35.2,33.32,34.08
8/3/20,35.3,35.71,32.46,34.42
8/4/20,35.12,35.29,32.84,33
8/5/20,33.17,33.45,32.54,32.58
8/6/20,32.43,33.39,32.43,33.3
8/7/20,33.97,34.5,30.81,33.74
8/10/20,34.8,35.12,31.89,33.56
8/11/20,33.34,35.27,33.19,34.76
8/12/20,32.69,33.7,32.32,32.97
8/13/20,33.16,33.65,32.82,33.6
8/14/20,34.45,34.56,33.1,33.12
8/17/20,33.65,33.95,31.23,31.6
8/18/20,32.22,32.24,30.76,31.5
8/19/20,31.57,31.57,30.16,30.3
8/20/20,31.41,31.57,30.78,31.05
8/21/20,31.64,31.76,30.67,30.71
8/24/20,30.73,33.08,30.73,32.87
8/25/20,33.36,33.82,31.99,33.61
8/26/20,33.48,34.65,32.94,34.04
8/27/20,34.89,36.74,33.97,35.43
8/28/20,36.51,37.09,35.07,35.46
8/31/20,36.56,36.91,36.17,36.34
9/1/20,36.23,37.82,32.53,37.57
9/2/20,38.53,40.03,37.16,38.73
9/3/20,38.59,41.37,38.4,40.89
9/4/20,40.04,42.99,39.97,40.31
9/8/20,43.48,46,41.99,44.56
9/9/20,41.1,41.64,38.57,39.09